Order_ID,Order_Date,Store_ID,Store_City,Store_Region,Product_ID,Product_Name,Category,Sub_Category,Customer_ID,Customer_Name,Segment,Salesperson,Quantity,Unit_Price,Discount,Sales,Cost,Profit,Payment_Method
ORD001,1/5/2024,ST001,New York,West,PRD101,Samsung Galaxy S23,Electronics,Smartphones,CUST1001,Rajesh Kumar,Consumer,John Smith,2,75000,5,142500,120000,22500,Card
ORD002,1/5/2024,ST001,New York,West,PRD102,Sony Headphones,Electronics,Accessories,CUST1002,Priya Patel,Consumer,John Smith,3,3500,0,10500,7000,3500,Cash
ORD003,1/5/2024,ST002,Los Angeles,North,PRD201,Levis Jeans,Clothing,Men's Wear,CUST1003,Amit Singh,Consumer,Emily Johnson,4,2500,10,9000,6000,3000,Card
ORD004,1/5/2024,ST002,Los Angeles,North,PRD202,Nike Shoes,Clothing,Footwear,CUST1004,Sunita Sharma,Corporate,Emily Johnson,2,6000,5,11400,8000,3400,Online
ORD005,1/5/2024,ST003,Chicago,South,PRD301,Dell Laptop,Electronics,Computers,CUST1005,Vikram Reddy,Corporate,Michael Brown,1,65000,8,59800,52000,7800,Card
ORD006,1/5/2024,ST003,Chicago,South,PRD302,HP Printer,Electronics,Peripherals,CUST1006,Anjali Nair,Home Office,Michael Brown,1,15000,0,15000,11000,4000,Online
ORD007,1/5/2024,ST004,Houston,East,PRD401,Wooden Table,Furniture,Tables,CUST1007,Sushil Das,Consumer,Jessica Davis,1,12000,10,10800,8000,2800,Cash
ORD008,1/5/2024,ST004,Houston,East,PRD402,Office Chair,Furniture,Chairs,CUST1008,Meera Roy,Corporate,Jessica Davis,3,8000,5,22800,16000,6800,Card
ORD009,1/5/2024,ST005,Houston,South,PRD501,Organic Dal,Furniture,Pulses,CUST1009,Karthik Raja,Consumer,David Wilson,5,120,0,600,400,200,Cash
ORD010,1/5/2024,ST005,Houston,South,PRD502,Basmati Rice,Furniture,Grains,CUST1010,Lakshmi Iyer,Consumer,David Wilson,10,150,0,1500,1000,500,Card
ORD011,1/6/2024,ST001,New York,West,PRD103,iPhone 15,Electronics,Smartphones,CUST1011,Ajay Desai,Corporate,John Smith,3,85000,5,242250,200000,42250,Card
ORD012,1/6/2024,ST001,New York,West,PRD104,Samsung TV,Electronics,Televisions,CUST1012,Neha Shah,Consumer,John Smith,1,55000,8,50600,42000,8600,Online
ORD013,1/6/2024,ST002,Los Angeles,North,PRD203,Wrangler Shirt,Clothing,Men's Wear,CUST1013,Deepak Malhotra,Consumer,Emily Johnson,3,1800,0,5400,3600,1800,Cash
ORD014,1/6/2024,ST002,Los Angeles,North,PRD204,Adidas Track,Clothing,Sportswear,CUST1014,Ritu Khanna,Consumer,Emily Johnson,2,3200,5,6080,4200,1880,Card
ORD015,1/6/2024,ST003,Chicago,South,PRD303,Lenovo ThinkPad,Electronics,Computers,CUST1015,Sanjay Shetty,Corporate,Michael Brown,2,72000,10,129600,105000,24600,Card
ORD016,1/6/2024,ST003,Chicago,South,PRD304,Logitech Mouse,Electronics,Accessories,CUST1016,Divya Rao,Home Office,Michael Brown,5,1200,0,6000,4000,2000,Online
ORD017,1/6/2024,ST004,Houston,East,PRD403,Bookshelf,Furniture,Storage,CUST1017,Arindam Ghosh,Consumer,Jessica Davis,1,9500,5,9025,6500,2525,Card
ORD018,1/6/2024,ST004,Houston,East,PRD404,Study Table,Furniture,Tables,CUST1018,Papiya Sen,Home Office,Jessica Davis,1,7500,0,7500,5200,2300,Cash
ORD019,1/6/2024,ST005,Houston,South,PRD503,Cooking Oil,Furniture,Oils,CUST1019,Murali Krishnan,Consumer,David Wilson,4,180,0,720,500,220,Cash
ORD020,1/6/2024,ST005,Houston,South,PRD504,Spices Pack,Furniture,Spices,CUST1020,Vasanthi Rajan,Consumer,David Wilson,6,90,0,540,350,190,Card
ORD021,1/7/2024,ST001,New York,West,PRD105,OnePlus Nord,Electronics,Smartphones,CUST1021,Kunal Mehta,Consumer,John Smith,2,32000,0,64000,50000,14000,Card
ORD022,1/7/2024,ST001,New York,West,PRD106,JBL Speaker,Electronics,Audio,CUST1022,Sneha Joshi,Consumer,John Smith,2,4500,5,8550,6000,2550,Online
ORD023,1/7/2024,ST002,Los Angeles,North,PRD205,Peter England Suit,Clothing,Formal Wear,CUST1023,Rohan Kapoor,Corporate,Emily Johnson,1,8500,12,7480,5500,1980,Card
ORD024,1/7/2024,ST002,Los Angeles,North,PRD206,Bata Sandals,Clothing,Footwear,CUST1024,Kavita Sharma,Consumer,Emily Johnson,2,1500,0,3000,2000,1000,Cash
ORD025,1/7/2024,ST003,Chicago,South,PRD305,Canon DSLR,Electronics,Cameras,CUST1025,Arjun Mehta,Consumer,Michael Brown,1,55000,5,52250,42000,10250,Card
ORD026,1/7/2024,ST003,Chicago,South,PRD306,Samsung Monitor,Electronics,Peripherals,CUST1026,Kavitha Prakash,Corporate,Michael Brown,2,18000,8,33120,26000,7120,Online
ORD027,1/7/2024,ST004,Houston,East,PRD405,Recliner Chair,Furniture,Chairs,CUST1027,Subir Bose,Consumer,Jessica Davis,1,22000,10,19800,15000,4800,Card
ORD028,1/7/2024,ST004,Houston,East,PRD406,Coffee Table,Furniture,Tables,CUST1028,Rima Mukherjee,Home Office,Jessica Davis,1,9000,0,9000,6200,2800,Cash
ORD029,1/7/2024,ST005,Houston,South,PRD505,Wheat Flour,Furniture,Grains,CUST1029,Chandran K,Consumer,David Wilson,10,60,0,600,400,200,Cash
ORD030,1/7/2024,ST005,Houston,South,PRD506,Tea Powder,Furniture,Beverages,CUST1030,Geetha S,Consumer,David Wilson,5,280,0,1400,1000,400,Card
ORD031,1/8/2024,ST001,New York,West,PRD107,Vivo V29,Electronics,Smartphones,CUST1031,Prakash Sawant,Consumer,John Smith,1,35000,5,33250,26000,7250,Online
ORD032,1/8/2024,ST001,New York,West,PRD108,Boat Earbuds,Electronics,Accessories,CUST1032,Shweta Patil,Consumer,John Smith,4,2000,0,8000,5000,3000,Card
ORD033,1/8/2024,ST002,Los Angeles,North,PRD207,Fabindia Kurta,Clothing,Ethnic Wear,CUST1033,Neelam Gupta,Consumer,Emily Johnson,2,3500,5,6650,4500,2150,Card
ORD034,1/8/2024,ST002,Los Angeles,North,PRD208,Puma T-shirt,Clothing,Sportswear,CUST1034,Ankit Goel,Consumer,Emily Johnson,3,1400,0,4200,2800,1400,Cash
ORD035,1/8/2024,ST003,Chicago,South,PRD307,iPad Air,Electronics,Tablets,CUST1035,Nithin Joseph,Corporate,Michael Brown,2,55000,5,104500,85000,19500,Card
ORD036,1/8/2024,ST003,Chicago,South,PRD308,Asus Router,Electronics,Networking,CUST1036,Shilpa Mathew,Home Office,Michael Brown,1,4500,0,4500,3000,1500,Online
ORD037,1/8/2024,ST004,Houston,East,PRD407,Wardrobe,Furniture,Storage,CUST1037,Tapan Pal,Consumer,Jessica Davis,1,28000,8,25760,20000,5760,Card
ORD038,1/8/2024,ST004,Houston,East,PRD408,Dining Table,Furniture,Tables,CUST1038,Nandini Das,Consumer,Jessica Davis,1,35000,5,33250,27000,6250,Cash
ORD039,1/8/2024,ST005,Houston,South,PRD507,Sugar,Furniture,Essentials,CUST1039,Prabhu R,Consumer,David Wilson,8,50,0,400,280,120,Cash
ORD040,1/8/2024,ST005,Houston,South,PRD508,Biscuits Pack,Furniture,Snacks,CUST1040,Meenakshi S,Consumer,David Wilson,12,40,0,480,300,180,Card
ORD041,1/9/2024,ST001,New York,West,PRD109,"MI TV 55""",Electronics,Televisions,CUST1041,Harshad Kale,Consumer,John Smith,1,42000,10,37800,30000,7800,Card
ORD042,1/9/2024,ST001,New York,West,PRD110,Philips Trimmer,Electronics,Grooming,CUST1042,Kiran More,Consumer,John Smith,2,2500,0,5000,3500,1500,Online
ORD043,1/9/2024,ST002,Los Angeles,North,PRD209,Rayban Sunglass,Clothing,Accessories,CUST1043,Siddharth Jain,Corporate,Emily Johnson,1,6500,8,5980,4000,1980,Card
ORD044,1/9/2024,ST002,Los Angeles,North,PRD210,Fastrack Watch,Clothing,Accessories,CUST1044,Nikita Singh,Consumer,Emily Johnson,2,3000,0,6000,4000,2000,Cash
ORD045,1/9/2024,ST003,Chicago,South,PRD309,GoPro Hero,Electronics,Cameras,CUST1045,Imran Khan,Consumer,Michael Brown,1,32000,5,30400,24000,6400,Card
ORD046,1/9/2024,ST003,Chicago,South,PRD310,Seagate HDD,Electronics,Storage,CUST1046,Ranjani R,Corporate,Michael Brown,3,5500,0,16500,12000,4500,Online
ORD047,1/9/2024,ST004,Houston,East,PRD409,Office Desk,Furniture,Desks,CUST1047,Sabyasachi Dey,Corporate,Jessica Davis,2,15000,10,27000,20000,7000,Card
ORD048,1/9/2024,ST004,Houston,East,PRD410,Bookshelf Rack,Furniture,Storage,CUST1048,Keya Saha,Home Office,Jessica Davis,1,8000,0,8000,5500,2500,Cash
ORD049,1/9/2024,ST005,Houston,South,PRD509,Detergent,Furniture,Household,CUST1049,Anand V,Consumer,David Wilson,5,280,0,1400,1000,400,Cash
ORD050,1/9/2024,ST005,Houston,South,PRD510,Dishwash Liquid,Furniture,Household,CUST1050,Uma K,Consumer,David Wilson,4,150,0,600,400,200,Card
ORD051,1/10/2024,ST001,New York,West,PRD111,Realme 11 Pro,Electronics,Smartphones,CUST1051,Vinod Tawde,Consumer,John Smith,2,28000,0,56000,43000,13000,Card
ORD052,1/10/2024,ST001,New York,West,PRD112,Amazon Echo,Electronics,Smart Home,CUST1052,Prajakta K,Consumer,John Smith,1,4500,5,4275,3000,1275,Online
ORD053,1/10/2024,ST002,Los Angeles,North,PRD211,USPA Polo,Clothing,Men's Wear,CUST1053,Yash Bhatia,Consumer,Emily Johnson,2,2200,0,4400,3000,1400,Cash
ORD054,1/10/2024,ST002,Los Angeles,North,PRD212,Levi's Jacket,Clothing,Winter Wear,CUST1054,Pooja Mehta,Consumer,Emily Johnson,1,5500,5,5225,3800,1425,Card
ORD055,1/10/2024,ST003,Chicago,South,PRD311,MacBook Air,Electronics,Computers,CUST1055,Harish K,Corporate,Michael Brown,2,95000,8,174800,150000,24800,Card
ORD056,1/10/2024,ST003,Chicago,South,PRD312,Epson Printer,Electronics,Peripherals,CUST1056,Savita G,Home Office,Michael Brown,1,12000,0,12000,9000,3000,Online
ORD057,1/10/2024,ST004,Houston,East,PRD411,Computer Chair,Furniture,Chairs,CUST1057,Debashish Roy,Corporate,Jessica Davis,4,6500,10,23400,17000,6400,Card
ORD058,1/10/2024,ST004,Houston,East,PRD412,Shoe Rack,Furniture,Storage,CUST1058,Mousumi Dey,Consumer,Jessica Davis,1,3500,0,3500,2400,1100,Cash
ORD059,1/10/2024,ST005,Houston,South,PRD511,Toothpaste,Furniture,Personal Care,CUST1059,Venkat R,Consumer,David Wilson,6,80,0,480,320,160,Cash
ORD060,1/10/2024,ST005,Houston,South,PRD512,Shampoo Sachet,Furniture,Personal Care,CUST1060,Padma V,Consumer,David Wilson,20,10,0,200,120,80,Card
ORD061,1/11/2024,ST001,New York,West,PRD113,Sony Bravia TV,Electronics,Televisions,CUST1061,Manoj Yadav,Consumer,John Smith,1,125000,12,110000,95000,15000,Card
ORD062,1/11/2024,ST001,New York,West,PRD114,Noise Watch,Electronics,Wearables,CUST1062,Rupali A,Consumer,John Smith,2,4000,0,8000,5500,2500,Online
ORD063,1/11/2024,ST002,Los Angeles,North,PRD213,Biba Dress,Clothing,Women's Wear,CUST1063,Nidhi Garg,Consumer,Emily Johnson,1,4200,5,3990,2800,1190,Card
ORD064,1/11/2024,ST002,Los Angeles,North,PRD214,Woodland Shoes,Clothing,Footwear,CUST1064,Tarun S,Corporate,Emily Johnson,2,5500,0,11000,7500,3500,Cash
ORD065,1/11/2024,ST003,Chicago,South,PRD313,Xiaomi Pad 6,Electronics,Tablets,CUST1065,Prashant N,Consumer,Michael Brown,1,28000,5,26600,21000,5600,Card
ORD066,1/11/2024,ST003,Chicago,South,PRD314,Zebronic Speaker,Electronics,Audio,CUST1066,Latha M,Home Office,Michael Brown,2,2200,0,4400,3000,1400,Online
ORD067,1/11/2024,ST004,Houston,East,PRD413,TV Stand,Furniture,Entertainment,CUST1067,Ujjwal Saha,Consumer,Jessica Davis,1,9500,5,9025,6500,2525,Card
ORD068,1/11/2024,ST004,Houston,East,PRD414,Bedside Table,Furniture,Tables,CUST1068,Sreya B,Consumer,Jessica Davis,2,4200,0,8400,6000,2400,Cash
ORD069,1/11/2024,ST005,Houston,South,PRD513,Maggi Noodles,Furniture,Snacks,CUST1069,Dinesh K,Consumer,David Wilson,12,15,0,180,110,70,Cash
ORD070,1/11/2024,ST005,Houston,South,PRD514,Pasta Pack,Furniture,Snacks,CUST1070,Radhika M,Consumer,David Wilson,5,85,0,425,280,145,Card
ORD071,1/12/2024,ST001,New York,West,PRD115,Bose Soundbar,Electronics,Audio,CUST1071,Amey Kulkarni,Corporate,John Smith,1,38000,8,34960,28000,6960,Card
ORD072,1/12/2024,ST001,New York,West,PRD116,Philips Iron,Electronics,Appliances,CUST1072,Urmila J,Consumer,John Smith,1,2500,0,2500,1700,800,Online
ORD073,1/12/2024,ST002,Los Angeles,North,PRD215,Manyavar Sherwani,Clothing,Ethnic Wear,CUST1073,Akash Agarwal,Consumer,Emily Johnson,1,12000,10,10800,8000,2800,Card
ORD074,1/12/2024,ST002,Los Angeles,North,PRD216,Jockey Innerwear,Clothing,Lingerie,CUST1074,Anushka R,Consumer,Emily Johnson,5,400,0,2000,1300,700,Cash
ORD075,1/12/2024,ST003,Chicago,South,PRD315,Nikon Coolpix,Electronics,Cameras,CUST1075,Ramesh Babu,Consumer,Michael Brown,1,24000,5,22800,18000,4800,Card
ORD076,1/12/2024,ST003,Chicago,South,PRD316,WD SSD,Electronics,Storage,CUST1076,Sushma K,Corporate,Michael Brown,3,6500,0,19500,14500,5000,Online
ORD077,1/12/2024,ST004,Houston,East,PRD415,Bar Stool,Furniture,Chairs,CUST1077,Abhik Ghosh,Consumer,Jessica Davis,4,3500,5,13300,9500,3800,Card
ORD078,1/12/2024,ST004,Houston,East,PRD416,Centre Table,Furniture,Tables,CUST1078,Paramita S,Home Office,Jessica Davis,1,11000,0,11000,8000,3000,Cash
ORD079,1/12/2024,ST005,Houston,South,PRD515,Pickle Jar,Furniture,Condiments,CUST1079,Sundar P,Consumer,David Wilson,3,120,0,360,240,120,Cash
ORD080,1/12/2024,ST005,Houston,South,PRD516,Honey Bottle,Furniture,Health Food,CUST1080,Anuradha K,Consumer,David Wilson,2,250,0,500,350,150,Card
ORD081,1/13/2024,ST001,New York,West,PRD117,Mivi Speaker,Electronics,Audio,CUST1081,Suhas P,Consumer,John Smith,2,1800,0,3600,2400,1200,Card
ORD082,1/13/2024,ST001,New York,West,PRD118,CP Plus CCTV,Electronics,Security,CUST1082,Farhan Q,Home Office,John Smith,1,8500,5,8075,6000,2075,Online
ORD083,1/13/2024,ST002,Los Angeles,North,PRD217,Marks & Spencer Shirt,Clothing,Formal Wear,CUST1083,Kunal Kohli,Corporate,Emily Johnson,2,3200,0,6400,4400,2000,Card
ORD084,1/13/2024,ST002,Los Angeles,North,PRD218,Hidesign Bag,Clothing,Accessories,CUST1084,Geeta M,Consumer,Emily Johnson,1,5500,8,5060,3800,1260,Cash
ORD085,1/13/2024,ST003,Chicago,South,PRD317,OnePlus TV,Electronics,Televisions,CUST1085,Shankar G,Consumer,Michael Brown,1,48000,10,43200,36000,7200,Card
ORD086,1/13/2024,ST003,Chicago,South,PRD318,Creative Speakers,Electronics,Audio,CUST1086,Anitha S,Consumer,Michael Brown,1,3800,0,3800,2600,1200,Online
ORD087,1/13/2024,ST004,Houston,East,PRD417,Folding Chair,Furniture,Chairs,CUST1087,Shyamal M,Consumer,Jessica Davis,6,1200,0,7200,5000,2200,Card
ORD088,1/13/2024,ST004,Houston,East,PRD418,Magazine Rack,Furniture,Storage,CUST1088,Poulami G,Home Office,Jessica Davis,1,2800,0,2800,1900,900,Cash
ORD089,1/13/2024,ST005,Houston,South,PRD517,Corn Flakes,Furniture,Breakfast,CUST1089,Vijay K,Consumer,David Wilson,3,280,0,840,600,240,Cash
ORD090,1/13/2024,ST005,Houston,South,PRD518,Oats Pack,Furniture,Health Food,CUST1090,Shanti R,Consumer,David Wilson,4,150,0,600,420,180,Card
ORD091,1/14/2024,ST001,New York,West,PRD119,Zebronics KB,Electronics,Accessories,CUST1091,Nilesh S,Consumer,John Smith,3,900,0,2700,1800,900,Card
ORD092,1/14/2024,ST001,New York,West,PRD120,Portronics Adaptor,Electronics,Accessories,CUST1092,Sonali D,Consumer,John Smith,2,700,0,1400,900,500,Online
ORD093,1/14/2024,ST002,Los Angeles,North,PRD219,Tommy Hilfiger Perfume,Clothing,Fragrance,CUST1093,Ritika B,Corporate,Emily Johnson,1,7500,5,7125,5000,2125,Card
ORD094,1/14/2024,ST002,Los Angeles,North,PRD220,Skechers Sandals,Clothing,Footwear,CUST1094,Mohit C,Consumer,Emily Johnson,1,3800,0,3800,2600,1200,Cash
ORD095,1/14/2024,ST003,Chicago,South,PRD319,HP Pavilion,Electronics,Computers,CUST1095,Sridhar R,Corporate,Michael Brown,1,62000,8,57040,48000,9040,Card
ORD096,1/14/2024,ST003,Chicago,South,PRD320,Canon Printer,Electronics,Peripherals,CUST1096,Jayalakshmi N,Home Office,Michael Brown,1,9500,0,9500,7000,2500,Online
ORD097,1/14/2024,ST004,Houston,East,PRD419,Study Chair,Furniture,Chairs,CUST1097,Arnab D,Consumer,Jessica Davis,1,5500,0,5500,3800,1700,Card
ORD098,1/14/2024,ST004,Houston,East,PRD420,Wall Shelf,Furniture,Storage,CUST1098,Chaitali B,Consumer,Jessica Davis,2,3200,5,6080,4300,1780,Cash
ORD099,1/14/2024,ST005,Houston,South,PRD519,Ketchup Bottle,Furniture,Condiments,CUST1099,Parthiban M,Consumer,David Wilson,3,95,0,285,190,95,Cash
ORD100,1/14/2024,ST005,Houston,South,PRD520,Jam Pack,Furniture,Breakfast,CUST1100,Jayanthi S,Consumer,David Wilson,4,120,0,480,320,160,Card
ORD101,1/15/2024,ST001,New York,West,PRD121,Samsung Galaxy S24,Electronics,Smartphones,CUST1101,Mahesh Shetty,Consumer,John Smith,1,85000,5,80750,68000,12750,Card
ORD102,1/15/2024,ST001,New York,West,PRD122,Sony Wireless Earbuds,Electronics,Audio,CUST1102,Pallavi Kulkarni,Consumer,John Smith,2,8500,0,17000,12000,5000,Online
ORD103,1/15/2024,ST002,Los Angeles,North,PRD221,Louis Philippe Shirt,Clothing,Formal Wear,CUST1103,Dhruv Khanna,Corporate,Emily Johnson,3,3200,8,8832,6500,2332,Card
ORD104,1/15/2024,ST002,Los Angeles,North,PRD222,Van Heusen Trouser,Clothing,Formal Wear,CUST1104,Simran Kaur,Consumer,Emily Johnson,2,3500,5,6650,4800,1850,Cash
ORD105,1/15/2024,ST003,Chicago,South,PRD321,Dell XPS Laptop,Electronics,Computers,CUST1105,Srinivas Murthy,Corporate,Michael Brown,1,145000,10,130500,110000,20500,Card
ORD106,1/15/2024,ST003,Chicago,South,PRD322,Logitech Webcam,Electronics,Peripherals,CUST1106,Nandini Prasad,Home Office,Michael Brown,2,5500,0,11000,8000,3000,Online
ORD107,1/15/2024,ST004,Houston,East,PRD421,Office Cabinet,Furniture,Storage,CUST1107,Pratik Chatterjee,Corporate,Jessica Davis,2,18500,8,34040,26000,8040,Card
ORD108,1/15/2024,ST004,Houston,East,PRD422,Reception Desk,Furniture,Desks,CUST1108,Riya Sen,Corporate,Jessica Davis,1,22000,5,20900,16000,4900,Cash
ORD109,1/15/2024,ST005,Houston,South,PRD521,Cashew Nuts,Furniture,Dry Fruits,CUST1109,Senthil Kumar,Consumer,David Wilson,2,850,0,1700,1200,500,Cash
ORD110,1/15/2024,ST005,Houston,South,PRD522,Almonds,Furniture,Dry Fruits,CUST1110,Hemalatha R,Consumer,David Wilson,3,950,0,2850,2000,850,Card
ORD111,1/15/2024,ST006,Houston,West,PRD601,Reebok Shoes,Clothing,Footwear,CUST1111,Amruta Joshi,Consumer,Daniel Miller,2,4500,10,8100,6000,2100,Card
ORD112,1/15/2024,ST006,Houston,West,PRD602,Campus Socks,Clothing,Accessories,CUST1112,Shubham Pawar,Consumer,Daniel Miller,5,250,0,1250,800,450,Cash
ORD113,1/16/2024,ST001,New York,West,PRD123,Redmi Note 13,Electronics,Smartphones,CUST1113,Sneha Korgaonkar,Consumer,John Smith,2,22000,0,44000,34000,10000,Card
ORD114,1/16/2024,ST001,New York,West,PRD124,Samsung Refrigerator,Electronics,Appliances,CUST1114,Dattatray Pawar,Consumer,John Smith,1,32000,8,29440,24000,5440,Online
ORD115,1/16/2024,ST002,Los Angeles,North,PRD223,Allen Solly Jacket,Clothing,Winter Wear,CUST1115,Kavya Sharma,Consumer,Emily Johnson,1,4200,5,3990,3000,990,Card
ORD116,1/16/2024,ST002,Los Angeles,North,PRD224,Pepe Jeans,Clothing,Men's Wear,CUST1116,Arvind Singh,Consumer,Emily Johnson,2,3800,0,7600,5500,2100,Cash
ORD117,1/16/2024,ST003,Chicago,South,PRD323,MSI Gaming Laptop,Electronics,Computers,CUST1117,Karthik Subramanian,Consumer,Michael Brown,1,115000,5,109250,90000,19250,Card
ORD118,1/16/2024,ST003,Chicago,South,PRD324,Razer Mouse,Electronics,Accessories,CUST1118,Akhil Joseph,Consumer,Michael Brown,2,6500,0,13000,9500,3500,Online
ORD119,1/16/2024,ST004,Houston,East,PRD423,Bean Bag,Furniture,Seating,CUST1119,Srijani Mukherjee,Consumer,Jessica Davis,3,3500,10,9450,7000,2450,Card
ORD120,1/16/2024,ST004,Houston,East,PRD424,Floor Lamp,Furniture,Lighting,CUST1120,Ayan Banerjee,Home Office,Jessica Davis,2,2800,0,5600,4000,1600,Cash
ORD121,1/16/2024,ST005,Houston,South,PRD523,Pomegranate,Furniture,Fruits,CUST1121,Vijayalakshmi S,Consumer,David Wilson,3,180,0,540,350,190,Cash
ORD122,1/16/2024,ST005,Houston,South,PRD524,Apple Fruit,Furniture,Fruits,CUST1122,Selvam R,Consumer,David Wilson,5,200,0,1000,700,300,Card
ORD123,1/16/2024,ST006,Houston,West,PRD603,Fastrack Bag,Clothing,Accessories,CUST1123,Madhuri Deshpande,Consumer,Daniel Miller,2,1800,5,3420,2400,1020,Card
ORD124,1/16/2024,ST006,Houston,West,PRD604,Fossil Watch,Clothing,Accessories,CUST1124,Nikhil More,Corporate,Daniel Miller,1,8500,8,7820,6000,1820,Online
ORD125,1/17/2024,ST001,New York,West,PRD125,LG Washing Machine,Electronics,Appliances,CUST1125,Chandrakant Mhatre,Consumer,John Smith,1,38000,10,34200,28000,6200,Card
ORD126,1/17/2024,ST001,New York,West,PRD126,Bajaj Fan,Electronics,Appliances,CUST1126,Sujata Patil,Consumer,John Smith,3,2800,0,8400,6000,2400,Cash
ORD127,1/17/2024,ST002,Los Angeles,North,PRD225,Puma Cap,Clothing,Accessories,CUST1127,Yuvraj Singh,Consumer,Emily Johnson,4,800,0,3200,2100,1100,Cash
ORD128,1/17/2024,ST002,Los Angeles,North,PRD226,Adidas Backpack,Clothing,Bags,CUST1128,Tanya Sachdeva,Consumer,Emily Johnson,2,2800,5,5320,3800,1520,Card
ORD129,1/17/2024,ST003,Chicago,South,PRD325,Sony PlayStation 5,Electronics,Gaming,CUST1129,Varun Krishna,Consumer,Michael Brown,1,55000,5,52250,43000,9250,Card
ORD130,1/17/2024,ST003,Chicago,South,PRD326,Xbox Controller,Electronics,Gaming,CUST1130,Harsha Vardhan,Consumer,Michael Brown,2,4500,0,9000,6500,2500,Online
ORD131,1/17/2024,ST004,Houston,East,PRD425,Executive Chair,Furniture,Chairs,CUST1131,Anirban Ghosh,Corporate,Jessica Davis,3,12000,8,33120,25000,8120,Card
ORD132,1/17/2024,ST004,Houston,East,PRD426,Meeting Table,Furniture,Tables,CUST1132,Suchandra Roy,Corporate,Jessica Davis,1,25000,10,22500,18000,4500,Online
ORD133,1/17/2024,ST005,Houston,South,PRD525,Potato,Furniture,Vegetables,CUST1133,Eswaran P,Consumer,David Wilson,8,40,0,320,200,120,Cash
ORD134,1/17/2024,ST005,Houston,South,PRD526,Onion,Furniture,Vegetables,CUST1134,Jayashree K,Consumer,David Wilson,5,50,0,250,160,90,Cash
ORD135,1/17/2024,ST006,Houston,West,PRD605,Nivia Football,Sports,Equipment,CUST1135,Sagar Jadhav,Consumer,Daniel Miller,2,1200,0,2400,1600,800,Card
ORD136,1/17/2024,ST006,Houston,West,PRD606,Yonex Badminton Racket,Sports,Equipment,CUST1136,Prajakta Shinde,Consumer,Daniel Miller,1,3500,5,3325,2400,925,Online
ORD137,1/18/2024,ST001,New York,West,PRD127,Panasonic Microwave,Electronics,Appliances,CUST1137,Vishwas Gaitonde,Consumer,John Smith,1,9500,8,8740,7000,1740,Card
ORD138,1/18/2024,ST001,New York,West,PRD128,Prestige Cooker,Electronics,Appliances,CUST1138,Asha Gawade,Consumer,John Smith,2,3200,0,6400,4500,1900,Cash
ORD139,1/18/2024,ST002,Los Angeles,North,PRD227,Wrangler Shorts,Clothing,Casual Wear,CUST1139,Manish Gupta,Consumer,Emily Johnson,3,1600,0,4800,3300,1500,Cash
ORD140,1/18/2024,ST002,Los Angeles,North,PRD228,USPA T-Shirt,Clothing,Casual Wear,CUST1140,Naina Agarwal,Consumer,Emily Johnson,4,1500,5,5700,4000,1700,Card
ORD141,1/18/2024,ST003,Chicago,South,PRD327,Samsung 4K TV,Electronics,Televisions,CUST1141,Prakash Rao,Consumer,Michael Brown,1,85000,12,74800,62000,12800,Card
ORD142,1/18/2024,ST003,Chicago,South,PRD328,MI Soundbar,Electronics,Audio,CUST1142,Deepa Nair,Consumer,Michael Brown,1,6500,0,6500,4700,1800,Online
ORD143,1/18/2024,ST004,Houston,East,PRD427,Wardrobe Organizer,Furniture,Storage,CUST1143,Debjani Das,Consumer,Jessica Davis,2,5500,0,11000,8000,3000,Card
ORD144,1/18/2024,ST004,Houston,East,PRD428,Drawer Cabinet,Furniture,Storage,CUST1144,Abhishek Dey,Home Office,Jessica Davis,1,7500,5,7125,5200,1925,Cash
ORD145,1/18/2024,ST005,Houston,South,PRD527,Chicken,Furniture,Meat,CUST1145,Durai Raj,Consumer,David Wilson,3,250,0,750,500,250,Cash
ORD146,1/18/2024,ST005,Houston,South,PRD528,Fish,Furniture,Meat,CUST1146,Meera Krishnan,Consumer,David Wilson,2,300,0,600,400,200,Card
ORD147,1/18/2024,ST006,Houston,West,PRD607,SG Cricket Bat,Sports,Equipment,CUST1147,Ajinkya Salvi,Consumer,Daniel Miller,1,5500,8,5060,4000,1060,Card
ORD148,1/18/2024,ST006,Houston,West,PRD608,Cosco Basketball,Sports,Equipment,CUST1148,Shreyas Bapat,Consumer,Daniel Miller,1,1800,0,1800,1200,600,Online
ORD149,1/19/2024,ST001,New York,West,PRD129,IFB Dishwasher,Electronics,Appliances,CUST1149,Vinayak Kulkarni,Corporate,John Smith,1,42000,8,38640,31000,7640,Card
ORD150,1/19/2024,ST001,New York,West,PRD130,Kent RO Purifier,Electronics,Appliances,CUST1150,Shilpa Keni,Consumer,John Smith,1,18000,5,17100,13500,3600,Online
ORD151,1/19/2024,ST002,Los Angeles,North,PRD229,Fabindia Stole,Clothing,Accessories,CUST1151,Seema Kohli,Consumer,Emily Johnson,2,2200,0,4400,3100,1300,Card
ORD152,1/19/2024,ST002,Los Angeles,North,PRD230,Khadi Kurta,Clothing,Ethnic Wear,CUST1152,Rajeshwari Singh,Consumer,Emily Johnson,2,2800,5,5320,3800,1520,Cash
ORD153,1/19/2024,ST003,Chicago,South,PRD329,Bose QC Headphones,Electronics,Audio,CUST1153,Anup Suresh,Corporate,Michael Brown,2,28000,8,51520,42000,9520,Card
ORD154,1/19/2024,ST003,Chicago,South,PRD330,Sennheiser Earphones,Electronics,Audio,CUST1154,Lakshmi Narayan,Consumer,Michael Brown,2,12000,0,24000,18000,6000,Online
ORD155,1/19/2024,ST004,Houston,East,PRD429,Kids Study Table,Furniture,Tables,CUST1155,Soumya Chakraborty,Consumer,Jessica Davis,1,6500,5,6175,4500,1675,Card
ORD156,1/19/2024,ST004,Houston,East,PRD430,Bookshelf Combo,Furniture,Storage,CUST1156,Tathagata Mukherjee,Home Office,Jessica Davis,1,12500,8,11500,9000,2500,Cash
ORD157,1/19/2024,ST005,Houston,South,PRD529,Curd,Furniture,Dairy,CUST1157,Rajendran K,Consumer,David Wilson,6,60,0,360,240,120,Cash
ORD158,1/19/2024,ST005,Houston,South,PRD530,Milk,Furniture,Dairy,CUST1158,Vasumathi A,Consumer,David Wilson,10,55,0,550,380,170,Card
ORD159,1/19/2024,ST006,Houston,West,PRD609,Head Tennis Racket,Sports,Equipment,CUST1159,Aniket Gaikwad,Consumer,Daniel Miller,1,6500,5,6175,4800,1375,Card
ORD160,1/19/2024,ST006,Houston,West,PRD610,Decathlon Mat,Sports,Fitness,CUST1160,Pallavi Karmarkar,Consumer,Daniel Miller,2,1800,0,3600,2500,1100,Online
ORD161,1/20/2024,ST001,New York,West,PRD131,Apple Mac Mini,Electronics,Computers,CUST1161,Chinmay Desai,Corporate,John Smith,1,65000,8,59800,50000,9800,Card
ORD162,1/20/2024,ST001,New York,West,PRD132,Dell Monitor,Electronics,Peripherals,CUST1162,Tejaswi Naik,Home Office,John Smith,2,22000,5,41800,33000,8800,Online
ORD163,1/20/2024,ST002,Los Angeles,North,PRD231,H&M Dress,Clothing,Women's Wear,CUST1163,Zoya Khan,Consumer,Emily Johnson,1,3800,0,3800,2600,1200,Card
ORD164,1/20/2024,ST002,Los Angeles,North,PRD232,Zara Top,Clothing,Women's Wear,CUST1164,Ishita Gupta,Consumer,Emily Johnson,2,2500,5,4750,3400,1350,Cash
ORD165,1/20/2024,ST003,Chicago,South,PRD331,Amazon Kindle,Electronics,E-Readers,CUST1165,Vivek Anand,Consumer,Michael Brown,2,14000,0,28000,21000,7000,Card
ORD166,1/20/2024,ST003,Chicago,South,PRD332,Fire TV Stick,Electronics,Streaming,CUST1166,Sandhya Rani,Consumer,Michael Brown,3,4500,0,13500,10000,3500,Online
ORD167,1/20/2024,ST004,Houston,East,PRD431,Office Partition,Furniture,Office,CUST1167,Arka Das,Corporate,Jessica Davis,4,8500,10,30600,23000,7600,Card
ORD168,1/20/2024,ST004,Houston,East,PRD432,Reception Sofa,Furniture,Seating,CUST1168,Paramita Banerjee,Corporate,Jessica Davis,1,28000,5,26600,21000,5600,Cash
ORD169,1/20/2024,ST005,Houston,South,PRD531,Cheese,Furniture,Dairy,CUST1169,Ranjith Kumar,Consumer,David Wilson,2,350,0,700,500,200,Cash
ORD170,1/20/2024,ST005,Houston,South,PRD532,Butter,Furniture,Dairy,CUST1170,Swarna Latha,Consumer,David Wilson,3,280,0,840,600,240,Card
ORD171,1/20/2024,ST006,Houston,West,PRD611,Nike Running Shoes,Sports,Footwear,CUST1171,Rohit Gokhale,Consumer,Daniel Miller,1,7500,10,6750,5200,1550,Card
ORD172,1/20/2024,ST006,Houston,West,PRD612,Puma Trackpants,Sports,Apparel,CUST1172,Mugdha Joshi,Consumer,Daniel Miller,2,2200,0,4400,3200,1200,Online
ORD173,1/21/2024,ST001,New York,West,PRD133,Philips Air Fryer,Electronics,Appliances,CUST1173,Sanjay More,Consumer,John Smith,1,9500,5,9025,7200,1825,Card
ORD174,1/21/2024,ST001,New York,West,PRD134,Morphy Richards Toaster,Electronics,Appliances,CUST1174,Swati Parab,Consumer,John Smith,1,3200,0,3200,2300,900,Cash
ORD175,1/21/2024,ST002,Los Angeles,North,PRD233,Park Avenue Perfume,Clothing,Fragrance,CUST1175,Kunal Bhatia,Consumer,Emily Johnson,2,1500,0,3000,2000,1000,Cash
ORD176,1/21/2024,ST002,Los Angeles,North,PRD234,Denver Deodorant,Clothing,Fragrance,CUST1176,Rohan Mehra,Consumer,Emily Johnson,3,500,5,1425,1000,425,Card
ORD177,1/21/2024,ST003,Chicago,South,PRD333,D-Link Router,Electronics,Networking,CUST1177,Jayanth Mysore,Home Office,Michael Brown,2,3200,0,6400,4500,1900,Card
ORD178,1/21/2024,ST003,Chicago,South,PRD334,TP-Link Extender,Electronics,Networking,CUST1178,Shruti Hegde,Home Office,Michael Brown,1,2200,0,2200,1500,700,Online
ORD179,1/21/2024,ST004,Houston,East,PRD433,Folding Table,Furniture,Tables,CUST1179,Goutam Paul,Consumer,Jessica Davis,4,2800,0,11200,8000,3200,Card
ORD180,1/21/2024,ST004,Houston,East,PRD434,Plastic Chairs,Furniture,Chairs,CUST1180,Barnali Dutta,Consumer,Jessica Davis,6,1200,5,6840,4800,2040,Cash
ORD181,1/21/2024,ST005,Houston,South,PRD533,Bread,Furniture,Bakery,CUST1181,Kathirvelan S,Consumer,David Wilson,5,45,0,225,150,75,Cash
ORD182,1/21/2024,ST005,Houston,South,PRD534,Cake,Furniture,Bakery,CUST1182,Bhuvana K,Consumer,David Wilson,2,350,0,700,500,200,Card
ORD183,1/21/2024,ST006,Houston,West,PRD613,Speed Ball,Sports,Equipment,CUST1183,Hrishikesh Ranade,Consumer,Daniel Miller,2,600,0,1200,800,400,Card
ORD184,1/21/2024,ST006,Houston,West,PRD614,Skipping Rope,Sports,Fitness,CUST1184,Ashwini Khadse,Consumer,Daniel Miller,3,300,0,900,600,300,Online
ORD185,1/22/2024,ST001,New York,West,PRD135,Apple Watch,Electronics,Wearables,CUST1185,Kaustubh Joag,Corporate,John Smith,2,42000,8,77280,63000,14280,Card
ORD186,1/22/2024,ST001,New York,West,PRD136,Samsung Watch,Electronics,Wearables,CUST1186,Mrunal Thakur,Consumer,John Smith,1,28000,5,26600,21000,5600,Online
ORD187,1/22/2024,ST002,Los Angeles,North,PRD235,Bata Chappals,Clothing,Footwear,CUST1187,Suraj Prakash,Consumer,Emily Johnson,2,800,0,1600,1000,600,Cash
ORD188,1/22/2024,ST002,Los Angeles,North,PRD236,Liberty Sandals,Clothing,Footwear,CUST1188,Kamlesh Sharma,Consumer,Emily Johnson,1,1200,0,1200,800,400,Card
ORD189,1/22/2024,ST003,Chicago,South,PRD335,Philips Trimmer,Electronics,Grooming,CUST1189,Mahesh Gowda,Consumer,Michael Brown,2,2800,0,5600,4000,1600,Card
ORD190,1/22/2024,ST003,Chicago,South,PRD336,Nova Hair Dryer,Electronics,Grooming,CUST1190,Shalini Raj,Consumer,Michael Brown,1,2200,5,2090,1500,590,Online
ORD191,1/22/2024,ST004,Houston,East,PRD435,Computer Desk,Furniture,Desks,CUST1191,Suvendu Adhikari,Home Office,Jessica Davis,1,9500,0,9500,7000,2500,Card
ORD192,1/22/2024,ST004,Houston,East,PRD436,Drawer Unit,Furniture,Storage,CUST1192,Moumita Ghosh,Home Office,Jessica Davis,1,6500,5,6175,4600,1575,Cash
ORD193,1/22/2024,ST005,Houston,South,PRD535,Cola,Furniture,Beverages,CUST1193,Sivakumar P,Consumer,David Wilson,6,60,0,360,240,120,Cash
ORD194,1/22/2024,ST005,Houston,South,PRD536,Juice Pack,Furniture,Beverages,CUST1194,Vasanthi M,Consumer,David Wilson,4,120,0,480,330,150,Card
ORD195,1/22/2024,ST006,Houston,West,PRD615,Yoga Mat,Sports,Fitness,CUST1195,Smita Desai,Consumer,Daniel Miller,2,1500,0,3000,2100,900,Card
ORD196,1/22/2024,ST006,Houston,West,PRD616,Gym Gloves,Sports,Fitness,CUST1196,Akash Gaikwad,Consumer,Daniel Miller,2,700,0,1400,950,450,Online
ORD197,1/23/2024,ST001,New York,West,PRD137,Philips Vacuum Cleaner,Electronics,Appliances,CUST1197,Dinesh Yadav,Consumer,John Smith,1,12500,8,11500,9000,2500,Card
ORD198,1/23/2024,ST001,New York,West,PRD138,Karcher Washer,Electronics,Appliances,CUST1198,Ramesh Bhoir,Consumer,John Smith,1,18500,5,17575,14000,3575,Online
ORD199,1/23/2024,ST002,Los Angeles,North,PRD237,Rayban Aviator,Clothing,Accessories,CUST1199,Neeraj Bansal,Corporate,Emily Johnson,1,9500,10,8550,6500,2050,Card
ORD200,1/23/2024,ST002,Los Angeles,North,PRD238,Fastrack Sunglass,Clothing,Accessories,CUST1200,Megha Chawla,Consumer,Emily Johnson,2,2200,0,4400,3000,1400,Cash
ORD201,1/25/2024,ST001,New York,West,PRD139,Samsung Galaxy Buds,Electronics,Audio,CUST1201,Amol Pawar,Consumer,John Smith,2,12000,5,22800,17000,5800,Card
ORD202,1/25/2024,ST001,New York,West,PRD140,MI Smart Band,Electronics,Wearables,CUST1202,Reshma Shaikh,Consumer,John Smith,3,3500,0,10500,7500,3000,Online
ORD203,1/26/2024,ST002,Los Angeles,North,PRD239,Levi's Cap,Clothing,Accessories,CUST1203,Vishal Arora,Consumer,Emily Johnson,3,1200,0,3600,2400,1200,Cash
ORD204,1/26/2024,ST002,Los Angeles,North,PRD240,UCB Belt,Clothing,Accessories,CUST1204,Poonam Bhatia,Consumer,Emily Johnson,2,1800,5,3420,2400,1020,Card
ORD205,1/27/2024,ST003,Chicago,South,PRD337,LG Soundbar,Electronics,Audio,CUST1205,Mahesh Babu,Consumer,Michael Brown,1,18000,8,16560,13000,3560,Card
ORD206,1/27/2024,ST003,Chicago,South,PRD338,Sony Home Theatre,Electronics,Audio,CUST1206,Sujatha K,Corporate,Michael Brown,1,45000,10,40500,33000,7500,Online
ORD207,1/28/2024,ST004,Houston,East,PRD437,Wall Cabinet,Furniture,Storage,CUST1207,Sourav Ganguly,Consumer,Jessica Davis,2,8500,5,16150,12000,4150,Card
ORD208,1/28/2024,ST004,Houston,East,PRD438,Corner Shelf,Furniture,Storage,CUST1208,Rupsa Das,Home Office,Jessica Davis,1,4200,0,4200,3000,1200,Cash
ORD209,1/29/2024,ST005,Houston,South,PRD537,Brown Rice,Furniture,Grains,CUST1209,Suresh Kannan,Consumer,David Wilson,5,95,0,475,320,155,Cash
ORD210,1/29/2024,ST005,Houston,South,PRD538,Quinoa,Furniture,Health Food,CUST1210,Deepa Venkat,Consumer,David Wilson,3,350,0,1050,750,300,Card
ORD211,1/30/2024,ST006,Houston,West,PRD617,Lifecycle Treadmill,Sports,Equipment,CUST1211,Dr. Shirish Joshi,Corporate,Daniel Miller,1,45000,8,41400,33000,8400,Card
ORD212,1/30/2024,ST006,Houston,West,PRD618,Dumbbell Set,Sports,Fitness,CUST1212,Harshal Mali,Consumer,Daniel Miller,2,3500,0,7000,5000,2000,Online
ORD213,1/31/2024,ST001,New York,West,PRD141,Republic Day Special TV,Electronics,Televisions,CUST1213,Bhavesh Patel,Consumer,John Smith,2,32000,15,54400,42000,12400,Card
ORD214,1/31/2024,ST001,New York,West,PRD142,MI 4K Stick,Electronics,Streaming,CUST1214,Jyoti Kadam,Consumer,John Smith,4,3500,10,12600,9000,3600,Online
ORD215,2/1/2024,ST002,Los Angeles,North,PRD241,Valentine Special Dress,Clothing,Women's Wear,CUST1215,Ananya Sharma,Consumer,Emily Johnson,2,4500,12,7920,5800,2120,Card
ORD216,2/1/2024,ST002,Los Angeles,North,PRD242,Perfume Gift Set,Clothing,Fragrance,CUST1216,Akashdeep Singh,Corporate,Emily Johnson,3,2800,8,7728,5500,2228,Card
ORD217,2/2/2024,ST003,Chicago,South,PRD339,MSI Motherboard,Electronics,Components,CUST1217,Vinod Kumar,Consumer,Michael Brown,1,18500,0,18500,14000,4500,Card
ORD218,2/2/2024,ST003,Chicago,South,PRD340,Corsair Cabinet,Electronics,Components,CUST1218,Syed Ahmed,Consumer,Michael Brown,1,7500,5,7125,5300,1825,Online
ORD219,2/3/2024,ST004,Houston,East,PRD439,Valentine's Day Chair,Furniture,Chairs,CUST1219,Rajib Biswas,Consumer,Jessica Davis,2,9500,10,17100,13000,4100,Card
ORD220,2/3/2024,ST004,Houston,East,PRD440,Love Seat Sofa,Furniture,Seating,CUST1220,Moushumi Chatterjee,Consumer,Jessica Davis,1,22000,12,19360,15500,3860,Cash
ORD221,2/4/2024,ST005,Houston,South,PRD539,Mangoes,Furniture,Fruits,CUST1221,Kandasamy M,Consumer,David Wilson,3,150,0,450,300,150,Cash
ORD222,2/4/2024,ST005,Houston,South,PRD540,Grapes,Furniture,Fruits,CUST1222,Jayalakshmi V,Consumer,David Wilson,2,120,0,240,160,80,Card
ORD223,2/5/2024,ST006,Houston,West,PRD619,Cricket Kit,Sports,Equipment,CUST1223,Omkar Shinde,Consumer,Daniel Miller,1,8500,5,8075,6200,1875,Card
ORD224,2/5/2024,ST006,Houston,West,PRD620,Tennis Balls Pack,Sports,Equipment,CUST1224,Sanika Deshmukh,Consumer,Daniel Miller,3,800,0,2400,1600,800,Online
ORD225,2/6/2024,ST001,New York,West,PRD143,Philips Mixer Grinder,Electronics,Appliances,CUST1225,Vaishali Sawant,Consumer,John Smith,1,5500,5,5225,4000,1225,Card
ORD226,2/6/2024,ST001,New York,West,PRD144,Prestige Pan Set,Electronics,Appliances,CUST1226,Yogesh Patil,Consumer,John Smith,2,3500,0,7000,5000,2000,Cash
ORD227,2/7/2024,ST002,Los Angeles,North,PRD243,Basmati Rice 5kg,Furniture,Grains,CUST1227,Sudha Rani,Consumer,Emily Johnson,4,550,0,2200,1600,600,Cash
ORD228,2/7/2024,ST002,Los Angeles,North,PRD244,Mustard Oil,Furniture,Oils,CUST1228,Rakesh Tiwari,Consumer,Emily Johnson,3,180,0,540,380,160,Card
ORD229,2/8/2024,ST003,Chicago,South,PRD341,Samsung 1TB SSD,Electronics,Storage,CUST1229,Chetan Gowda,Corporate,Michael Brown,5,8500,8,39100,30000,9100,Card
ORD230,2/8/2024,ST003,Chicago,South,PRD342,WD 2TB HDD,Electronics,Storage,CUST1230,Mamatha Shenoy,Home Office,Michael Brown,3,5500,5,15675,11500,4175,Online
ORD231,2/9/2024,ST004,Houston,East,PRD441,Sarat Bose Ave Store Opening,Furniture,All,CUST1231,New Store Customer,Consumer,Jessica Davis,5,25000,20,100000,75000,25000,Card
ORD232,2/9/2024,ST007,Houston,East,PRD442,Wooden Sofa,Furniture,Seating,CUST1232,Bikash Roy,Consumer,Jessica Davis,1,38000,10,34200,27000,7200,Card
ORD233,2/10/2024,ST005,Houston,South,PRD541,Pongal Special Sweets,Furniture,Sweets,CUST1233,Krishnamurthy S,Consumer,David Wilson,5,450,0,2250,1600,650,Cash
ORD234,2/10/2024,ST005,Houston,South,PRD542,Murukku Pack,Furniture,Snacks,CUST1234,Radha Krishnan,Consumer,David Wilson,4,180,0,720,500,220,Card
ORD235,2/11/2024,ST006,Houston,West,PRD621,Pro Boxing Gloves,Sports,Equipment,CUST1235,Yash Raj,Consumer,Daniel Miller,2,2800,5,5320,4000,1320,Card
ORD236,2/11/2024,ST006,Houston,West,PRD622,Punching Bag,Sports,Equipment,CUST1236,Sameer Khan,Consumer,Daniel Miller,1,6500,8,5980,4600,1380,Online
ORD237,2/12/2024,ST001,New York,West,PRD145,OnePlus 12,Electronics,Smartphones,CUST1237,Akshay Chavan,Consumer,John Smith,1,65000,0,65000,52000,13000,Card
ORD238,2/12/2024,ST001,New York,West,PRD146,Nothing Phone 2,Electronics,Smartphones,CUST1238,Kunal Sawant,Consumer,John Smith,1,45000,5,42750,34000,8750,Online
ORD239,2/13/2024,ST002,Los Angeles,North,PRD245,Mahashivratri Pooja Items,Furniture,Religious,CUST1239,Shyam Sunder,Consumer,Emily Johnson,8,250,0,2000,1400,600,Cash
ORD240,2/13/2024,ST002,Los Angeles,North,PRD246,Fruits Basket,Furniture,Fruits,CUST1240,Laxmi Narayan,Consumer,Emily Johnson,3,600,0,1800,1300,500,Card
ORD241,2/14/2024,ST003,Chicago,South,PRD343,Valentine's Day Flowers,Other,Gifts,CUST1241,Rahul Dev,Consumer,Michael Brown,10,1500,0,15000,6000,9000,Card
ORD242,2/14/2024,ST003,Chicago,South,PRD344,Chocolates Hamper,Other,Gifts,CUST1242,Priyanka M,Consumer,Michael Brown,5,2000,0,10000,5000,5000,Online
ORD243,2/15/2024,ST004,Houston,East,PRD443,Bed Frame,Furniture,Bedroom,CUST1243,Somnath Das,Consumer,Jessica Davis,1,22000,5,20900,16000,4900,Card
ORD244,2/15/2024,ST004,Houston,East,PRD444,Mattress,Furniture,Bedroom,CUST1244,Swapna Dey,Consumer,Jessica Davis,2,15000,8,27600,21000,6600,Cash
ORD245,2/16/2024,ST005,Houston,South,PRD543,Coconut Oil,Furniture,Oils,CUST1245,Subramanian K,Consumer,David Wilson,3,350,0,1050,750,300,Cash
ORD246,2/16/2024,ST005,Houston,South,PRD544,Groundnut Oil,Furniture,Oils,CUST1246,Valliammal R,Consumer,David Wilson,2,380,0,760,550,210,Card
ORD247,2/17/2024,ST006,Houston,West,PRD623,Cricket Helmet,Sports,Equipment,CUST1247,Pratik Bhosale,Consumer,Daniel Miller,2,2200,0,4400,3200,1200,Card
ORD248,2/17/2024,ST006,Houston,West,PRD624,Batting Pads,Sports,Equipment,CUST1248,Chinmay Kulkarni,Consumer,Daniel Miller,1,3500,5,3325,2500,825,Online
ORD249,2/18/2024,ST001,New York,West,PRD147,LG Double Door Fridge,Electronics,Appliances,CUST1249,Prakash Sawant,Consumer,John Smith,1,55000,8,50600,42000,8600,Card
ORD250,2/18/2024,ST001,New York,West,PRD148,Samsung Single Door,Electronics,Appliances,CUST1250,Manisha More,Consumer,John Smith,1,28000,5,26600,21000,5600,Online
ORD251,2/19/2024,ST002,Los Angeles,North,PRD247,Godrej Wardrobe,Furniture,Storage,CUST1251,Anil Sharma,Consumer,Emily Johnson,1,32000,10,28800,23000,5800,Card
ORD252,2/19/2024,ST002,Los Angeles,North,PRD248,Study Table,Furniture,Tables,CUST1252,Shikha Gupta,Home Office,Emily Johnson,1,8500,0,8500,6200,2300,Cash
ORD253,2/20/2024,ST003,Chicago,South,PRD345,Google Pixel 8,Electronics,Smartphones,CUST1253,Nagaraj B,Consumer,Michael Brown,1,75000,5,71250,58000,13250,Card
ORD254,2/20/2024,ST003,Chicago,South,PRD346,Moto Edge 40,Electronics,Smartphones,CUST1254,Shashank M,Consumer,Michael Brown,2,28000,0,56000,43000,13000,Online
ORD255,2/21/2024,ST004,Houston,East,PRD445,Dining Chairs Set of 4,Furniture,Chairs,CUST1255,Partha Sen,Consumer,Jessica Davis,1,18000,5,17100,13000,4100,Card
ORD256,2/21/2024,ST004,Houston,East,PRD446,Bar Cabinet,Furniture,Storage,CUST1256,Souvik Ghosh,Corporate,Jessica Davis,1,35000,8,32200,26000,6200,Cash
ORD257,2/22/2024,ST005,Houston,South,PRD545,Paneer,Furniture,Dairy,CUST1257,Ganesan K,Consumer,David Wilson,2,280,0,560,400,160,Cash
ORD258,2/22/2024,ST005,Houston,South,PRD546,Ghee,Furniture,Dairy,CUST1258,Janaki R,Consumer,David Wilson,1,550,0,550,400,150,Card
ORD259,2/23/2024,ST006,Houston,West,PRD625,Football Studs,Sports,Footwear,CUST1259,Rohan Jadhav,Consumer,Daniel Miller,2,2800,0,5600,4000,1600,Card
ORD260,2/23/2024,ST006,Houston,West,PRD626,Goalkeeper Gloves,Sports,Equipment,CUST1260,Aditya Pawar,Consumer,Daniel Miller,1,1500,5,1425,1000,425,Online
ORD261,2/24/2024,ST001,New York,West,PRD149,Bajaj Immersion Rod,Electronics,Appliances,CUST1261,Usha Yadav,Consumer,John Smith,2,800,0,1600,1100,500,Cash
ORD262,2/24/2024,ST001,New York,West,PRD150,Havells Geyser,Electronics,Appliances,CUST1262,Santosh Prabhu,Consumer,John Smith,1,5500,5,5225,4000,1225,Card
ORD263,2/25/2024,ST002,Los Angeles,North,PRD249,Holi Special Colors,Furniture,Festive,CUST1263,Govind Sharma,Consumer,Emily Johnson,20,80,0,1600,1000,600,Cash
ORD264,2/25/2024,ST002,Los Angeles,North,PRD250,Pichkari,Furniture,Festive,CUST1264,Hariom Gupta,Consumer,Emily Johnson,5,350,0,1750,1200,550,Card
ORD265,2/26/2024,ST003,Chicago,South,PRD347,Samsung Tab S9,Electronics,Tablets,CUST1265,Ramesh K,Corporate,Michael Brown,2,72000,8,132480,108000,24480,Card
ORD266,2/26/2024,ST003,Chicago,South,PRD348,Lenovo Tab P12,Electronics,Tablets,CUST1266,Shilpa G,Home Office,Michael Brown,1,35000,5,33250,27000,6250,Online
ORD267,2/27/2024,ST004,Houston,East,PRD447,Office Workstation,Furniture,Office,CUST1267,Alok Nath,Corporate,Jessica Davis,4,25000,10,90000,70000,20000,Card
ORD268,2/27/2024,ST004,Houston,East,PRD448,Conference Table,Furniture,Office,CUST1268,Sushmita Sen,Corporate,Jessica Davis,1,45000,8,41400,33000,8400,Cash
ORD269,2/28/2024,ST005,Houston,South,PRD547,Rava,Furniture,Grains,CUST1269,Saroja M,Consumer,David Wilson,4,70,0,280,190,90,Cash
ORD270,2/28/2024,ST005,Houston,South,PRD548,Maida,Furniture,Grains,CUST1270,Kamala K,Consumer,David Wilson,3,60,0,180,120,60,Card
ORD271,2/29/2024,ST006,Houston,West,PRD627,Swimming Goggles,Sports,Equipment,CUST1271,Aishwarya Kale,Consumer,Daniel Miller,3,900,0,2700,1900,800,Card
ORD272,2/29/2024,ST006,Houston,West,PRD628,Swim Fins,Sports,Equipment,CUST1272,Neha Patil,Consumer,Daniel Miller,2,1500,5,2850,2000,850,Online
ORD273,3/1/2024,ST001,New York,West,PRD151,Godrej Eon Fridge,Electronics,Appliances,CUST1273,Rajendra Singh,Consumer,John Smith,1,32000,8,29440,24000,5440,Card
ORD274,3/1/2024,ST001,New York,West,PRD152,Whirlpool AC,Electronics,Appliances,CUST1274,Mamta Desai,Consumer,John Smith,1,38000,5,36100,30000,6100,Online
ORD275,3/2/2024,ST002,Los Angeles,North,PRD251,Holi Special Thandai,Furniture,Beverages,CUST1275,Radhey Shyam,Consumer,Emily Johnson,6,180,0,1080,750,330,Cash
ORD276,3/2/2024,ST002,Los Angeles,North,PRD252,Gujiya Sweets,Furniture,Sweets,CUST1276,Vrinda Sharma,Consumer,Emily Johnson,4,350,0,1400,1000,400,Card
ORD277,3/3/2024,ST003,Chicago,South,PRD349,Philips Coffee Maker,Electronics,Appliances,CUST1277,Vijay Kumar,Consumer,Michael Brown,1,6500,0,6500,4800,1700,Card
ORD278,3/3/2024,ST003,Chicago,South,PRD350,Nespresso Machine,Electronics,Appliances,CUST1278,Anupama Rao,Corporate,Michael Brown,1,22000,5,20900,17000,3900,Online
ORD279,3/4/2024,ST004,Houston,East,PRD449,Pooja Room Mandir,Furniture,Religious,CUST1279,Shankar Bhattacharya,Consumer,Jessica Davis,1,15000,0,15000,11000,4000,Card
ORD280,3/4/2024,ST004,Houston,East,PRD450,Brass Decor Items,Furniture,Decor,CUST1280,Aparna Sen,Consumer,Jessica Davis,3,3500,5,9975,7500,2475,Cash
ORD281,3/5/2024,ST005,Houston,South,PRD549,Jaggery,Furniture,Essentials,CUST1281,Selvi M,Consumer,David Wilson,2,90,0,180,120,60,Cash
ORD282,3/5/2024,ST005,Houston,South,PRD550,Tamarind,Furniture,Essentials,CUST1282,Karpagam R,Consumer,David Wilson,1,150,0,150,100,50,Card
ORD283,3/6/2024,ST006,Houston,West,PRD629,Trekking Shoes,Sports,Footwear,CUST1283,Shubhangi Kulkarni,Consumer,Daniel Miller,2,4500,8,8280,6400,1880,Card
ORD284,3/6/2024,ST006,Houston,West,PRD630,Backpack 50L,Sports,Bags,CUST1284,Satish Joshi,Consumer,Daniel Miller,1,3500,0,3500,2500,1000,Online
ORD285,3/7/2024,ST001,New York,West,PRD153,Women's Day Special Saree,Clothing,Women's Wear,CUST1285,Sulochana Joshi,Consumer,John Smith,2,5500,15,9350,7000,2350,Card
ORD286,3/7/2024,ST001,New York,West,PRD154,Gold Plated Necklace,Jewelry,Artificial,CUST1286,Tejaswini G,Consumer,John Smith,1,3500,5,3325,2000,1325,Online
ORD287,3/8/2024,ST002,Los Angeles,North,PRD253,Women's Day Flowers,Other,Gifts,CUST1287,Dinesh Gupta,Consumer,Emily Johnson,5,1000,0,5000,2500,2500,Card
ORD288,3/8/2024,ST002,Los Angeles,North,PRD254,Chocolates Box,Other,Gifts,CUST1288,Manish Jain,Consumer,Emily Johnson,10,500,0,5000,3000,2000,Cash
ORD289,3/9/2024,ST003,Chicago,South,PRD351,Women's Day Watch,Clothing,Accessories,CUST1289,Lavanya B,Consumer,Michael Brown,2,3200,10,5760,4200,1560,Card
ORD290,3/9/2024,ST003,Chicago,South,PRD352,Handbag,Clothing,Bags,CUST1290,Mythili K,Consumer,Michael Brown,1,4500,5,4275,3200,1075,Online
ORD291,3/10/2024,ST004,Houston,East,PRD451,Bookshelf with Light,Furniture,Storage,CUST1291,Aniruddha Chakraborty,Home Office,Jessica Davis,1,12500,0,12500,9500,3000,Card
ORD292,3/10/2024,ST004,Houston,East,PRD452,Floor Reading Lamp,Furniture,Lighting,CUST1292,Debjani Mukherjee,Consumer,Jessica Davis,2,3200,5,6080,4500,1580,Cash
ORD293,3/11/2024,ST005,Houston,South,PRD551,Ripe Bananas,Furniture,Fruits,CUST1293,Murugan K,Consumer,David Wilson,2,60,0,120,80,40,Cash
ORD294,3/11/2024,ST005,Houston,South,PRD552,Papaya,Furniture,Fruits,CUST1294,Meenakshi R,Consumer,David Wilson,3,50,0,150,100,50,Card
ORD295,3/12/2024,ST006,Houston,West,PRD631,Protein Powder,Sports,Supplements,CUST1295,Dr. Aniket Deshpande,Corporate,Daniel Miller,3,3500,5,9975,7500,2475,Card
ORD296,3/12/2024,ST006,Houston,West,PRD632,BCAA Supplements,Sports,Supplements,CUST1296,Sandeep Khot,Consumer,Daniel Miller,2,2200,0,4400,3200,1200,Online
ORD297,3/13/2024,ST001,New York,West,PRD155,Mahashivratri Special Offer,Electronics,All,CUST1297,Santosh Ghadge,Consumer,John Smith,3,15000,18,36900,28000,8900,Card
ORD298,3/13/2024,ST001,New York,West,PRD156,Festival Discount TV,Electronics,Televisions,CUST1298,Savita Salvi,Consumer,John Smith,1,28000,12,24640,20000,4640,Online
ORD299,3/14/2024,ST002,Los Angeles,North,PRD255,Holi Mega Pack,Furniture,Festive,CUST1299,Chotelal Gupta,Consumer,Emily Johnson,5,1200,8,5520,4000,1520,Card
ORD300,3/14/2024,ST002,Los Angeles,North,PRD256,Festival Sweets Box,Furniture,Sweets,CUST1300,Radhika Sharma,Consumer,Emily Johnson,4,800,5,3040,2200,840,Cash
ORD301,3/15/2024,ST001,New York,West,PRD157,LG AC 1.5 Ton,Electronics,Appliances,CUST1301,Prakash Mhatre,Consumer,John Smith,1,42000,8,38640,32000,6640,Card
ORD302,3/15/2024,ST001,New York,West,PRD158,Voltas AC,Electronics,Appliances,CUST1302,Asha Kamat,Consumer,John Smith,1,38000,5,36100,30000,6100,Online
ORD303,3/16/2024,ST002,Los Angeles,North,PRD257,Summer Collection Kurta,Clothing,Ethnic Wear,CUST1303,Poonam Gupta,Consumer,Emily Johnson,3,2200,0,6600,4600,2000,Cash
ORD304,3/16/2024,ST002,Los Angeles,North,PRD258,Cotton Saree,Clothing,Women's Wear,CUST1304,Sushma Sharma,Consumer,Emily Johnson,2,3500,5,6650,4800,1850,Card
ORD305,3/17/2024,ST003,Chicago,South,PRD353,Cooler,Electronics,Appliances,CUST1305,Muniraju K,Consumer,Michael Brown,1,8500,0,8500,6200,2300,Card
ORD306,3/17/2024,ST003,Chicago,South,PRD354,Air Cooler,Electronics,Appliances,CUST1306,Shantha Kumari,Consumer,Michael Brown,1,6500,5,6175,4700,1475,Online
ORD307,3/18/2024,ST004,Houston,East,PRD453,Summer Chair,Furniture,Outdoor,CUST1307,Samir Das,Consumer,Jessica Davis,4,1800,0,7200,5000,2200,Cash
ORD308,3/18/2024,ST004,Houston,East,PRD454,Garden Table,Furniture,Outdoor,CUST1308,Mita Ghosh,Consumer,Jessica Davis,2,3500,5,6650,4800,1850,Card
ORD309,3/19/2024,ST005,Houston,South,PRD553,Mango (Summer Special),Furniture,Fruits,CUST1309,Kumaravel R,Consumer,David Wilson,5,120,0,600,400,200,Cash
ORD310,3/19/2024,ST005,Houston,South,PRD554,Watermelon,Furniture,Fruits,CUST1310,Lakshmi K,Consumer,David Wilson,3,80,0,240,160,80,Card
ORD311,3/20/2024,ST006,Houston,West,PRD633,Summer Running Shoes,Sports,Footwear,CUST1311,Omkar Phadke,Consumer,Daniel Miller,2,3500,8,6440,5000,1440,Card
ORD312,3/20/2024,ST006,Houston,West,PRD634,Sports Shorts,Sports,Apparel,CUST1312,Tanvi Kulkarni,Consumer,Daniel Miller,3,1200,0,3600,2500,1100,Online
ORD313,3/21/2024,ST007,Houston,East,PRD455,Gariahat Store Opening,Furniture,All,CUST1313,New Customer,Consumer,Jessica Davis,5,20000,20,80000,60000,20000,Card
ORD314,3/21/2024,ST008,Houston,East,PRD456,Wooden Swing Chair,Furniture,Outdoor,CUST1314,Anindya Sen,Consumer,Jessica Davis,1,15000,10,13500,10500,3000,Card
ORD315,3/22/2024,ST001,New York,West,PRD159,Summer T-Shirts Pack,Clothing,Casual Wear,CUST1315,Akash Yadav,Consumer,John Smith,4,1400,0,5600,3800,1800,Cash
ORD316,3/22/2024,ST001,New York,West,PRD160,Linen Shirt,Clothing,Formal Wear,CUST1316,Kiran Sawant,Consumer,John Smith,2,2500,5,4750,3400,1350,Card
ORD317,3/23/2024,ST002,Los Angeles,North,PRD259,Summer Jacket,Clothing,Summer Wear,CUST1317,Tarun Khanna,Consumer,Emily Johnson,1,2800,0,2800,2000,800,Card
ORD318,3/23/2024,ST002,Los Angeles,North,PRD260,Cotton Trousers,Clothing,Formal Wear,CUST1318,Ritu Singh,Consumer,Emily Johnson,2,2200,5,4180,3000,1180,Online
ORD319,3/24/2024,ST003,Chicago,South,PRD355,Summer Special Offer,Electronics,All,CUST1319,Ranganath S,Consumer,Michael Brown,3,12000,15,30600,23000,7600,Card
ORD320,3/24/2024,ST003,Chicago,South,PRD356,Table Fan,Electronics,Appliances,CUST1320,Lalitha M,Consumer,Michael Brown,2,2500,0,5000,3600,1400,Cash
ORD321,3/25/2024,ST004,Houston,East,PRD457,Cane Furniture Set,Furniture,Outdoor,CUST1321,Sharmila Roy,Consumer,Jessica Davis,1,22000,8,20240,16000,4240,Card
ORD322,3/25/2024,ST004,Houston,East,PRD458,Bamboo Chair,Furniture,Outdoor,CUST1322,Subrata Ghosh,Consumer,Jessica Davis,4,1500,0,6000,4200,1800,Online
ORD323,3/26/2024,ST005,Houston,South,PRD555,Tender Coconut,Furniture,Beverages,CUST1323,Karthik R,Consumer,David Wilson,10,50,0,500,300,200,Cash
ORD324,3/26/2024,ST005,Houston,South,PRD556,Sugarcane Juice,Furniture,Beverages,CUST1324,Priya Dharshini,Consumer,David Wilson,5,60,0,300,200,100,Card
ORD325,3/27/2024,ST006,Houston,West,PRD635,Swimwear,Sports,Apparel,CUST1325,Aditi Joshi,Consumer,Daniel Miller,2,1800,5,3420,2400,1020,Card
ORD326,3/27/2024,ST006,Houston,West,PRD636,Swimming Cap,Sports,Equipment,CUST1326,Prathamesh K,Consumer,Daniel Miller,3,400,0,1200,800,400,Online
ORD327,3/28/2024,ST007,Houston,East,PRD459,Outdoor Sofa,Furniture,Outdoor,CUST1327,Debashis Dutta,Consumer,Jessica Davis,1,28000,5,26600,21000,5600,Card
ORD328,3/28/2024,ST007,Houston,East,PRD460,Patio Umbrella,Furniture,Outdoor,CUST1328,Sujata Banerjee,Consumer,Jessica Davis,2,4500,0,9000,6500,2500,Cash
ORD329,3/29/2024,ST001,New York,West,PRD161,Gudi Padwa Special,Electronics,All,CUST1329,Shilpa More,Consumer,John Smith,4,8000,12,28160,21000,7160,Card
ORD330,3/29/2024,ST001,New York,West,PRD162,Festive Gold Coin,Jewelry,Gold,CUST1330,Rajesh Joshi,Corporate,John Smith,2,55000,5,104500,90000,14500,Card
ORD331,3/30/2024,ST002,Los Angeles,North,PRD261,Navratri Special Chaniya Choli,Clothing,Ethnic Wear,CUST1331,Kinjal Shah,Consumer,Emily Johnson,2,5500,8,10120,7500,2620,Card
ORD332,3/30/2024,ST002,Los Angeles,North,PRD262,Dandiya Sticks,Other,Festive,CUST1332,Dipesh Patel,Consumer,Emily Johnson,5,500,0,2500,1500,1000,Cash
ORD333,3/31/2024,ST003,Chicago,South,PRD357,Ugadi Special,Electronics,All,CUST1333,Venkatesh Rao,Consumer,Michael Brown,3,10000,10,27000,20000,7000,Card
ORD334,3/31/2024,ST003,Chicago,South,PRD358,Traditional Wear,Clothing,Ethnic Wear,CUST1334,Lakshmi Devi,Consumer,Michael Brown,2,4500,5,8550,6300,2250,Online
ORD335,4/1/2024,ST004,Houston,East,PRD461,Bengali New Year Saree,Clothing,Ethnic Wear,CUST1335,Mithu Chatterjee,Consumer,Jessica Davis,2,5500,8,10120,7500,2620,Card
ORD336,4/1/2024,ST004,Houston,East,PRD462,Poila Baisakh Gift Pack,Other,Festive,CUST1336,Bratati Sen,Consumer,Jessica Davis,3,2500,5,7125,5000,2125,Cash
ORD337,4/2/2024,ST005,Houston,South,PRD557,Tamil New Year Special,Furniture,Festive,CUST1337,Manickam R,Consumer,David Wilson,5,1200,8,5520,4000,1520,Card
ORD338,4/2/2024,ST005,Houston,South,PRD558,Mango Pack,Furniture,Fruits,CUST1338,Chitra K,Consumer,David Wilson,4,350,0,1400,1000,400,Online
ORD339,4/3/2024,ST006,Houston,West,PRD637,Gudi Padwa Sale,Sports,All,CUST1339,Shubhangi K,Consumer,Daniel Miller,3,4500,15,11475,8500,2975,Card
ORD340,4/3/2024,ST006,Houston,West,PRD638,Summer Camp Gear,Sports,Equipment,CUST1340,Mayur Pawar,Consumer,Daniel Miller,2,2800,0,5600,4000,1600,Cash
ORD341,4/4/2024,ST007,Houston,East,PRD463,Summer Bed Sheet,Furniture,Bedding,CUST1341,Paramita Roy,Consumer,Jessica Davis,4,1800,0,7200,5000,2200,Card
ORD342,4/4/2024,ST007,Houston,East,PRD464,Cotton Mattress,Furniture,Bedding,CUST1342,Souvik Ghosh,Consumer,Jessica Davis,1,8500,5,8075,6200,1875,Online
ORD343,4/5/2024,ST001,New York,West,PRD163,Summer AC Combo,Electronics,Appliances,CUST1343,Rajan Kulkarni,Corporate,John Smith,3,35000,12,92400,75000,17400,Card
ORD344,4/5/2024,ST001,New York,West,PRD164,Cooler Fan,Electronics,Appliances,CUST1344,Urmila Joshi,Consumer,John Smith,2,5500,0,11000,8000,3000,Cash
ORD345,4/6/2024,ST002,Los Angeles,North,PRD263,Baisakhi Special,Clothing,Ethnic Wear,CUST1345,Gurpreet Singh,Consumer,Emily Johnson,2,6500,8,11960,9000,2960,Card
ORD346,4/6/2024,ST002,Los Angeles,North,PRD264,Punjabi Jutti,Clothing,Footwear,CUST1346,Harleen Kaur,Consumer,Emily Johnson,2,2200,0,4400,3100,1300,Online
ORD347,4/7/2024,ST003,Chicago,South,PRD359,Summer Laptop Offer,Electronics,Computers,CUST1347,Sunil Gowda,Corporate,Michael Brown,2,65000,8,119600,98000,21600,Card
ORD348,4/7/2024,ST003,Chicago,South,PRD360,Tablet for Students,Electronics,Tablets,CUST1348,Divya S,Consumer,Michael Brown,2,28000,5,53200,42000,11200,Online
ORD349,4/8/2024,ST004,Houston,East,PRD465,Summer Home Decor,Furniture,Decor,CUST1349,Tathagata Mukherjee,Consumer,Jessica Davis,3,3500,0,10500,7500,3000,Cash
ORD350,4/8/2024,ST004,Houston,East,PRD466,Wall Art,Furniture,Decor,CUST1350,Shreya Das,Consumer,Jessica Davis,4,2200,5,8360,6000,2360,Card
ORD351,4/9/2024,ST005,Houston,South,PRD559,Summer Cool Drinks,Furniture,Beverages,CUST1351,Sivakami P,Consumer,David Wilson,12,90,0,1080,750,330,Cash
ORD352,4/9/2024,ST005,Houston,South,PRD560,Ice Cream Pack,Furniture,Frozen,CUST1352,Rajalakshmi M,Consumer,David Wilson,5,350,0,1750,1200,550,Card
ORD353,4/10/2024,ST006,Houston,West,PRD639,Summer Marathon Kit,Sports,Equipment,CUST1353,Dr. Abhay Joshi,Corporate,Daniel Miller,3,4500,8,12420,9500,2920,Card
ORD354,4/10/2024,ST006,Houston,West,PRD640,Hydration Pack,Sports,Accessories,CUST1354,Smita Desai,Consumer,Daniel Miller,4,1200,0,4800,3400,1400,Online
ORD355,4/11/2024,ST007,Houston,East,PRD467,Summer Curtains,Furniture,Decor,CUST1355,Chaitali Bose,Consumer,Jessica Davis,6,1500,0,9000,6300,2700,Card
ORD356,4/11/2024,ST007,Houston,East,PRD468,Bamboo Blinds,Furniture,Decor,CUST1356,Arnab Sen,Consumer,Jessica Davis,3,2200,5,6270,4500,1770,Cash
ORD357,4/12/2024,ST001,New York,West,PRD165,Summer Wedding Package,Electronics,All,CUST1357,Mahesh Patil,Corporate,John Smith,5,25000,15,106250,82000,24250,Card
ORD358,4/12/2024,ST001,New York,West,PRD166,Home Theatre System,Electronics,Audio,CUST1358,Vaidehi Parab,Consumer,John Smith,1,45000,8,41400,34000,7400,Online
ORD359,4/13/2024,ST002,Los Angeles,North,PRD265,Wedding Shopping,Clothing,All,CUST1359,Ankit Goel,Corporate,Emily Johnson,8,12000,10,86400,65000,21400,Card
ORD360,4/13/2024,ST002,Los Angeles,North,PRD266,Bridal Lehenga,Clothing,Ethnic Wear,CUST1360,Pooja Jain,Consumer,Emily Johnson,1,45000,5,42750,34000,8750,Card
ORD361,4/14/2024,ST003,Chicago,South,PRD361,Summer Projector,Electronics,Entertainment,CUST1361,Vijay Anand,Consumer,Michael Brown,1,35000,0,35000,27000,8000,Card
ORD362,4/14/2024,ST003,Chicago,South,PRD362,Projector Screen,Electronics,Accessories,CUST1362,Sahana R,Home Office,Michael Brown,1,5500,5,5225,4000,1225,Online
ORD363,4/15/2024,ST004,Houston,East,PRD469,Office Summer Sale,Furniture,Office,CUST1363,Anjan Chatterjee,Corporate,Jessica Davis,4,15000,12,52800,41000,11800,Card
ORD364,4/15/2024,ST004,Houston,East,PRD470,Ergonomic Chair,Furniture,Chairs,CUST1364,Runu Ghosh,Home Office,Jessica Davis,2,12500,5,23750,18000,5750,Cash
ORD365,4/16/2024,ST005,Houston,South,PRD561,Summer Cool Cuts,Furniture,Meat,CUST1365,Senthil Nathan,Consumer,David Wilson,3,450,0,1350,950,400,Cash
ORD366,4/16/2024,ST005,Houston,South,PRD562,Fresh Juice Pack,Furniture,Beverages,CUST1366,Arul Selvi,Consumer,David Wilson,6,120,0,720,500,220,Card
ORD367,4/17/2024,ST006,Houston,West,PRD641,Gym Summer Membership Kit,Sports,Fitness,CUST1367,Nikhil Joshi,Consumer,Daniel Miller,2,5500,5,10450,8000,2450,Card
ORD368,4/17/2024,ST006,Houston,West,PRD642,Yoga Summer Special,Sports,Fitness,CUST1368,Aarti Kulkarni,Consumer,Daniel Miller,3,2500,0,7500,5500,2000,Online
ORD369,4/18/2024,ST007,Houston,East,PRD471,Summer Storage Solution,Furniture,Storage,CUST1369,Debjani Das,Consumer,Jessica Davis,2,8500,0,17000,12500,4500,Card
ORD370,4/18/2024,ST007,Houston,East,PRD472,Wardrobe Organizer,Furniture,Storage,CUST1370,Soumya Chakraborty,Consumer,Jessica Davis,3,3200,5,9120,6800,2320,Cash
ORD371,4/19/2024,ST001,New York,West,PRD167,Summer BBQ Grill,Electronics,Outdoor,CUST1371,Vinayak Sawant,Consumer,John Smith,1,7500,0,7500,5500,2000,Card
ORD372,4/19/2024,ST001,New York,West,PRD168,Outdoor Speakers,Electronics,Audio,CUST1372,Neelam Parab,Consumer,John Smith,2,5500,5,10450,8000,2450,Online
ORD373,4/20/2024,ST002,Los Angeles,North,PRD267,Summer Wedding Guest Wear,Clothing,Ethnic Wear,CUST1373,Neha Kapoor,Consumer,Emily Johnson,3,4500,8,12420,9500,2920,Card
ORD374,4/20/2024,ST002,Los Angeles,North,PRD268,Men's Kurta Set,Clothing,Ethnic Wear,CUST1374,Sanjay Gupta,Consumer,Emily Johnson,2,3800,5,7220,5500,1720,Cash
ORD375,4/21/2024,ST003,Chicago,South,PRD363,Smart Home Starter Kit,Electronics,Smart Home,CUST1375,Prakash Hegde,Corporate,Michael Brown,2,35000,8,64400,52000,12400,Card
ORD376,4/21/2024,ST003,Chicago,South,PRD364,Security Camera System,Electronics,Security,CUST1376,Jayalakshmi Pai,Home Office,Michael Brown,1,22000,5,20900,17000,3900,Online
ORD377,4/22/2024,ST004,Houston,East,PRD473,Outdoor Dining Set,Furniture,Outdoor,CUST1377,Sujit Biswas,Consumer,Jessica Davis,1,28000,0,28000,21000,7000,Card
ORD378,4/22/2024,ST004,Houston,East,PRD474,Picnic Table,Furniture,Outdoor,CUST1378,Barnali Saha,Consumer,Jessica Davis,2,6500,5,12350,9500,2850,Cash
ORD379,4/23/2024,ST005,Houston,South,PRD563,Summer Fruits Pack,Furniture,Fruits,CUST1379,Ramalingam K,Consumer,David Wilson,4,450,0,1800,1300,500,Cash
ORD380,4/23/2024,ST005,Houston,South,PRD564,Vegetable Pack,Furniture,Vegetables,CUST1380,Ananthi R,Consumer,David Wilson,5,280,0,1400,1000,400,Card
ORD381,4/24/2024,ST006,Houston,West,PRD643,Monsoon Trekking Gear,Sports,Equipment,CUST1381,Avinash Deshpande,Consumer,Daniel Miller,2,4500,0,9000,6700,2300,Card
ORD382,4/24/2024,ST006,Houston,West,PRD644,Rain Jacket,Sports,Apparel,CUST1382,Shraddha Joshi,Consumer,Daniel Miller,3,2200,5,6270,4700,1570,Online
ORD383,4/25/2024,ST007,Houston,East,PRD475,Monsoon Furniture Cover,Furniture,Protection,CUST1383,Arindam Ghosh,Consumer,Jessica Davis,5,800,0,4000,2800,1200,Card
ORD384,4/25/2024,ST007,Houston,East,PRD476,Waterproof Storage,Furniture,Storage,CUST1384,Ruma Dey,Consumer,Jessica Davis,3,1800,5,5130,3800,1330,Cash
ORD385,4/26/2024,ST001,New York,West,PRD169,Monsoon TV Offer,Electronics,Televisions,CUST1385,Prashant Gawde,Consumer,John Smith,1,42000,12,36960,30000,6960,Card
ORD386,4/26/2024,ST001,New York,West,PRD170,Waterproof Bluetooth Speaker,Electronics,Audio,CUST1386,Nikhil Apte,Consumer,John Smith,2,5500,0,11000,8200,2800,Online
ORD387,4/27/2024,ST002,Los Angeles,North,PRD269,Summer Clearance Sale,Clothing,All,CUST1387,Komal Jain,Consumer,Emily Johnson,5,2800,20,11200,8000,3200,Card
ORD388,4/27/2024,ST002,Los Angeles,North,PRD270,Cotton Kurtis,Clothing,Women's Wear,CUST1388,Monika Agarwal,Consumer,Emily Johnson,4,1500,10,5400,4000,1400,Cash
ORD389,4/28/2024,ST003,Chicago,South,PRD365,Pre-Monsoon Laptop Offer,Electronics,Computers,CUST1389,Vishwanath K,Corporate,Michael Brown,2,55000,8,101200,82000,19200,Card
ORD390,4/28/2024,ST003,Chicago,South,PRD366,Surge Protector,Electronics,Accessories,CUST1390,Hema Malini,Consumer,Michael Brown,5,1500,0,7500,5500,2000,Online
ORD391,4/29/2024,ST004,Houston,East,PRD477,Monsoon Ready Furniture,Furniture,All,CUST1391,Srijani Mukherjee,Consumer,Jessica Davis,3,12000,10,32400,25000,7400,Card
ORD392,4/29/2024,ST004,Houston,East,PRD478,Anti-Rust Outdoor Set,Furniture,Outdoor,CUST1392,Debashish Roy,Consumer,Jessica Davis,2,8500,5,16150,12500,3650,Cash
ORD393,4/30/2024,ST005,Houston,South,PRD565,Monsoon Vegetable Pack,Furniture,Vegetables,CUST1393,Kalyani R,Consumer,David Wilson,6,200,0,1200,850,350,Cash
ORD394,4/30/2024,ST005,Houston,South,PRD566,Dry Food Stock,Furniture,Essentials,CUST1394,Muruganantham P,Consumer,David Wilson,4,550,0,2200,1600,600,Card
ORD395,5/1/2024,ST006,Houston,West,PRD645,Maharashtra Day Special,Sports,All,CUST1395,Amol Pawar,Consumer,Daniel Miller,3,5000,15,12750,9500,3250,Card
ORD396,5/1/2024,ST006,Houston,West,PRD646,Fitness Challenge Pack,Sports,Fitness,CUST1396,Manasi Joshi,Consumer,Daniel Miller,2,3500,5,6650,5000,1650,Online
ORD397,5/2/2024,ST007,Houston,East,PRD479,May Day Sale,Furniture,All,CUST1397,Tapan Pal,Consumer,Jessica Davis,4,7500,12,26400,20000,6400,Card
ORD398,5/2/2024,ST007,Houston,East,PRD480,Summer Cool Mat,Furniture,Bedding,CUST1398,Nandita Sen,Consumer,Jessica Davis,5,1200,0,6000,4300,1700,Cash
ORD399,5/3/2024,ST001,New York,West,PRD171,Summer Power Bank,Electronics,Accessories,CUST1399,Ganesh Mhatre,Consumer,John Smith,4,2500,0,10000,7200,2800,Card
ORD400,5/3/2024,ST001,New York,West,PRD172,Solar Charger,Electronics,Accessories,CUST1400,Suhasini K,Consumer,John Smith,2,3500,5,6650,5000,1650,Online
ORD401,5/5/2024,ST001,New York,West,PRD173,Mother's Day Special,Electronics,Gifts,CUST1401,Siddharth M,Consumer,John Smith,2,15000,8,27600,21000,6600,Card
ORD402,5/5/2024,ST001,New York,West,PRD174,Philips Hair Dryer,Electronics,Grooming,CUST1402,Rajeshwari P,Consumer,John Smith,1,3500,0,3500,2500,1000,Online
ORD403,5/6/2024,ST002,Los Angeles,North,PRD271,Mother's Day Saree,Clothing,Women's Wear,CUST1403,Anjali Gupta,Consumer,Emily Johnson,1,5500,5,5225,4000,1225,Card
ORD404,5/6/2024,ST002,Los Angeles,North,PRD272,Handbag Gift,Clothing,Bags,CUST1404,Vikram Seth,Consumer,Emily Johnson,1,3500,0,3500,2500,1000,Cash
ORD405,5/7/2024,ST003,Chicago,South,PRD367,Summer Cooler King,Electronics,Appliances,CUST1405,Shivanna R,Consumer,Michael Brown,2,8500,5,16150,12000,4150,Card
ORD406,5/7/2024,ST003,Chicago,South,PRD368,Tower Fan,Electronics,Appliances,CUST1406,Sharadamma K,Consumer,Michael Brown,2,5500,0,11000,8000,3000,Online
ORD407,5/8/2024,ST004,Houston,East,PRD481,Summer Bedding Set,Furniture,Bedding,CUST1407,Sumana Das,Consumer,Jessica Davis,3,2800,0,8400,6000,2400,Cash
ORD408,5/8/2024,ST004,Houston,East,PRD482,Cotton Sofa Cover,Furniture,Protection,CUST1408,Joydeep Sen,Consumer,Jessica Davis,4,1500,5,5700,4200,1500,Card
ORD409,5/9/2024,ST005,Houston,South,PRD567,Summer Thirst Quenchers,Furniture,Beverages,CUST1409,Sekar K,Consumer,David Wilson,12,80,0,960,650,310,Cash
ORD410,5/9/2024,ST005,Houston,South,PRD568,Electrolyte Drinks,Furniture,Health,CUST1410,Parvathi R,Consumer,David Wilson,6,120,0,720,500,220,Card
ORD411,5/10/2024,ST006,Houston,West,PRD647,Summer Sports Camp,Sports,Equipment,CUST1411,Chaitanya J,Consumer,Daniel Miller,3,3500,8,9660,7300,2360,Card
ORD412,5/10/2024,ST006,Houston,West,PRD648,Kids Summer Kit,Sports,Kids,CUST1412,Swati G,Consumer,Daniel Miller,4,2500,5,9500,7000,2500,Online
ORD413,5/11/2024,ST007,Houston,East,PRD483,Summer Cool Chair,Furniture,Outdoor,CUST1413,Abhijit B,Consumer,Jessica Davis,4,1800,0,7200,5200,2000,Card
ORD414,5/11/2024,ST007,Houston,East,PRD484,Garden Umbrella,Furniture,Outdoor,CUST1414,Mahua C,Consumer,Jessica Davis,2,3200,5,6080,4500,1580,Cash
ORD415,5/12/2024,ST008,Houston,East,PRD485,New Store Launch,Furniture,All,CUST1415,New Customer C,Consumer,Jessica Davis,5,18000,15,76500,58000,18500,Card
ORD416,5/12/2024,ST009,Houston,East,PRD486,Salt Lake City Store,Furniture,All,CUST1416,New Customer D,Corporate,Jessica Davis,8,22000,12,154880,120000,34880,Card
ORD417,5/13/2024,ST001,New York,West,PRD175,Summer AC Service Pack,Electronics,Services,CUST1417,Deepak S,Consumer,John Smith,2,2500,0,5000,3500,1500,Cash
ORD418,5/13/2024,ST001,New York,West,PRD176,AC Installation,Electronics,Services,CUST1418,Sneha M,Consumer,John Smith,1,1500,0,1500,1000,500,Card
ORD419,5/14/2024,ST002,Los Angeles,North,PRD273,Summer Shawl,Clothing,Accessories,CUST1419,Ramesh K,Consumer,Emily Johnson,2,1800,0,3600,2500,1100,Cash
ORD420,5/14/2024,ST002,Los Angeles,North,PRD274,Cotton Stole,Clothing,Accessories,CUST1420,Sarita D,Consumer,Emily Johnson,3,1200,5,3420,2400,1020,Card
ORD421,5/15/2024,ST003,Chicago,South,PRD369,Pre-Monsoon Laptop Bag,Electronics,Accessories,CUST1421,Anil K,Consumer,Michael Brown,3,1500,0,4500,3200,1300,Card
ORD422,5/15/2024,ST003,Chicago,South,PRD370,Waterproof Laptop Cover,Electronics,Accessories,CUST1422,Rekha M,Consumer,Michael Brown,4,800,0,3200,2200,1000,Online
ORD423,5/16/2024,ST004,Houston,East,PRD487,Monsoon Furniture Cover,Furniture,Protection,CUST1423,Subrata G,Consumer,Jessica Davis,5,600,0,3000,2100,900,Cash
ORD424,5/16/2024,ST004,Houston,East,PRD488,Waterproof Mattress Cover,Furniture,Protection,CUST1424,Piyali S,Consumer,Jessica Davis,4,900,5,3420,2500,920,Card
ORD425,5/17/2024,ST005,Houston,South,PRD569,Monsoon Veggies,Furniture,Vegetables,CUST1425,Rajendran V,Consumer,David Wilson,5,180,0,900,620,280,Cash
ORD426,5/17/2024,ST005,Houston,South,PRD570,Root Vegetables,Furniture,Vegetables,CUST1426,Annapoorani K,Consumer,David Wilson,4,150,0,600,420,180,Card
ORD427,5/18/2024,ST006,Houston,West,PRD649,Monsoon Trekking Shoes,Sports,Footwear,CUST1427,Omkar J,Consumer,Daniel Miller,2,4500,8,8280,6300,1980,Card
ORD428,5/18/2024,ST006,Houston,West,PRD650,Rain Coat,Sports,Apparel,CUST1428,Rajashree P,Consumer,Daniel Miller,2,2200,0,4400,3200,1200,Online
ORD429,5/19/2024,ST007,Houston,East,PRD489,Monsoon Storage Box,Furniture,Storage,CUST1429,Tathagata M,Consumer,Jessica Davis,3,1800,0,5400,3900,1500,Card
ORD430,5/19/2024,ST007,Houston,East,PRD490,Air Tight Cabinet,Furniture,Storage,CUST1430,Debjani L,Consumer,Jessica Davis,2,5500,5,10450,8000,2450,Cash
ORD431,5/20/2024,ST008,Houston,East,PRD491,Plastic Storage Boxes,Furniture,Storage,CUST1431,Samir D,Consumer,Jessica Davis,6,800,0,4800,3400,1400,Card
ORD432,5/20/2024,ST008,Houston,East,PRD492,Metal Almirah,Furniture,Storage,CUST1432,Chitra B,Consumer,Jessica Davis,1,12000,5,11400,8800,2600,Online
ORD433,5/21/2024,ST001,New York,West,PRD177,Pre-Monsoon TV Mount,Electronics,Accessories,CUST1433,Kiran P,Consumer,John Smith,2,1500,0,3000,2100,900,Cash
ORD434,5/21/2024,ST001,New York,West,PRD178,Wall Mount Stabilizer,Electronics,Accessories,CUST1434,Vaibhav K,Consumer,John Smith,3,1200,5,3420,2500,920,Card
ORD435,5/22/2024,ST002,Los Angeles,North,PRD275,Monsoon Umbrella,Clothing,Accessories,CUST1435,Rohan M,Consumer,Emily Johnson,5,500,0,2500,1700,800,Cash
ORD436,5/22/2024,ST002,Los Angeles,North,PRD276,Rain Coat,Clothing,Outerwear,CUST1436,Kavita S,Consumer,Emily Johnson,2,1200,0,2400,1700,700,Card
ORD437,5/23/2024,ST003,Chicago,South,PRD371,UPS Battery Backup,Electronics,Peripherals,CUST1437,Naveen G,Home Office,Michael Brown,2,6500,8,11960,9200,2760,Card
ORD438,5/23/2024,ST003,Chicago,South,PRD372,Voltage Stabilizer,Electronics,Appliances,CUST1438,Savitha R,Consumer,Michael Brown,2,3500,0,7000,5200,1800,Online
ORD439,5/24/2024,ST004,Houston,East,PRD493,Monsoon Bed Sheet,Furniture,Bedding,CUST1439,Soma G,Consumer,Jessica Davis,4,1500,0,6000,4300,1700,Cash
ORD440,5/24/2024,ST004,Houston,East,PRD494,Blanket,Furniture,Bedding,CUST1440,Asit B,Consumer,Jessica Davis,2,2800,5,5320,4000,1320,Card
ORD441,5/25/2024,ST005,Houston,South,PRD571,Monsoon Snacks,Furniture,Snacks,CUST1441,Kalpana R,Consumer,David Wilson,8,120,0,960,680,280,Cash
ORD442,5/25/2024,ST005,Houston,South,PRD572,Tea & Coffee,Furniture,Beverages,CUST1442,Balaji K,Consumer,David Wilson,5,250,0,1250,900,350,Card
ORD443,5/26/2024,ST006,Houston,West,PRD651,Monsoon Marathon Kit,Sports,Fitness,CUST1443,Dr. Mandar J,Corporate,Daniel Miller,3,3800,8,10488,8000,2488,Card
ORD444,5/26/2024,ST006,Houston,West,PRD652,Indoor Exercise Mat,Sports,Fitness,CUST1444,Harshada K,Consumer,Daniel Miller,4,1500,0,6000,4400,1600,Online
ORD445,5/27/2024,ST007,Houston,East,PRD495,Monsoon Curtains,Furniture,Decor,CUST1445,Runu D,Consumer,Jessica Davis,6,1200,0,7200,5200,2000,Card
ORD446,5/27/2024,ST007,Houston,East,PRD496,Blackout Curtains,Furniture,Decor,CUST1446,Anjan C,Consumer,Jessica Davis,4,2200,5,8360,6300,2060,Cash
ORD447,5/28/2024,ST008,Houston,East,PRD497,Study Table with Drawer,Furniture,Tables,CUST1447,School Student,Consumer,Jessica Davis,2,6500,0,13000,9800,3200,Card
ORD448,5/28/2024,ST008,Houston,East,PRD498,Bookshelf for Students,Furniture,Storage,CUST1448,College Student,Consumer,Jessica Davis,1,8500,5,8075,6200,1875,Online
ORD449,5/29/2024,ST001,New York,West,PRD179,Summer Student Offer,Electronics,All,CUST1449,Student A,Consumer,John Smith,3,8000,10,21600,16500,5100,Card
ORD450,5/29/2024,ST001,New York,West,PRD180,Student Laptop,Electronics,Computers,CUST1450,Student B,Consumer,John Smith,1,38000,8,34960,28000,6960,Online
ORD451,5/30/2024,ST002,Los Angeles,North,PRD277,Summer School Uniform,Clothing,Kids,CUST1451,Parent A,Consumer,Emily Johnson,4,1200,0,4800,3400,1400,Cash
ORD452,5/30/2024,ST002,Los Angeles,North,PRD278,School Shoes,Clothing,Kids,CUST1452,Parent B,Consumer,Emily Johnson,2,1800,0,3600,2600,1000,Card
ORD453,5/31/2024,ST003,Chicago,South,PRD373,Summer Camp Electronics,Electronics,All,CUST1453,Kid C,Consumer,Michael Brown,5,2500,5,11875,9000,2875,Card
ORD454,5/31/2024,ST003,Chicago,South,PRD374,Kids Tablet,Electronics,Tablets,CUST1454,Kid D,Consumer,Michael Brown,2,15000,8,27600,21500,6100,Online
ORD455,6/1/2024,ST004,Houston,East,PRD499,Children's Day Special,Furniture,Kids,CUST1455,Child E,Consumer,Jessica Davis,3,5500,10,14850,11500,3350,Card
ORD456,6/1/2024,ST004,Houston,East,PRD500,Kids Study Chair,Furniture,Kids,CUST1456,Child F,Consumer,Jessica Davis,2,3500,5,6650,5100,1550,Cash
ORD457,6/2/2024,ST005,Houston,South,PRD573,Summer Vacation Snacks,Furniture,Snacks,CUST1457,Family G,Consumer,David Wilson,10,180,0,1800,1300,500,Cash
ORD458,6/2/2024,ST005,Houston,South,PRD574,Juice Packs Bulk,Furniture,Beverages,CUST1458,Family H,Consumer,David Wilson,8,150,0,1200,850,350,Card
ORD459,6/3/2024,ST006,Houston,West,PRD653,Summer Sports Camp,Sports,Kids,CUST1459,Kid I,Consumer,Daniel Miller,2,4500,0,9000,6800,2200,Card
ORD460,6/3/2024,ST006,Houston,West,PRD654,Swimming Classes Kit,Sports,Kids,CUST1460,Kid J,Consumer,Daniel Miller,3,2800,5,7980,6000,1980,Online
ORD461,6/4/2024,ST007,Houston,East,PRD501,Kids Bedroom Set,Furniture,Kids,CUST1461,Family K,Consumer,Jessica Davis,1,35000,12,30800,24000,6800,Card
ORD462,6/4/2024,ST007,Houston,East,PRD502,Bunk Bed,Furniture,Kids,CUST1462,Family L,Consumer,Jessica Davis,1,28000,8,25760,20000,5760,Cash
ORD463,6/5/2024,ST008,Houston,East,PRD503,Environment Day Special,Furniture,Eco-friendly,CUST1463,Nature Lover M,Consumer,Jessica Davis,3,6500,5,18525,14000,4525,Card
ORD464,6/5/2024,ST008,Houston,East,PRD504,Bamboo Furniture,Furniture,Eco-friendly,CUST1464,Nature Lover N,Consumer,Jessica Davis,2,8500,0,17000,13000,4000,Online
ORD465,6/6/2024,ST001,New York,West,PRD181,Eco-friendly Electronics,Electronics,Green,CUST1465,Enviro O,Consumer,John Smith,2,15000,8,27600,21000,6600,Card
ORD466,6/6/2024,ST001,New York,West,PRD182,Solar Power Bank,Electronics,Green,CUST1466,Enviro P,Consumer,John Smith,3,3500,0,10500,8000,2500,Online
ORD467,6/7/2024,ST002,Los Angeles,North,PRD279,Organic Cotton Clothing,Clothing,Eco-friendly,CUST1467,Green Q,Consumer,Emily Johnson,4,2200,5,8360,6200,2160,Card
ORD468,6/7/2024,ST002,Los Angeles,North,PRD280,Bamboo Fiber Cloth,Clothing,Eco-friendly,CUST1468,Green R,Consumer,Emily Johnson,3,1800,0,5400,4000,1400,Cash
ORD469,6/8/2024,ST003,Chicago,South,PRD375,World Ocean Day,Electronics,Special,CUST1469,Marine S,Consumer,Michael Brown,2,8500,10,15300,11500,3800,Card
ORD470,6/8/2024,ST003,Chicago,South,PRD376,Waterproof Electronics,Electronics,Outdoor,CUST1470,Marine T,Consumer,Michael Brown,3,5500,5,15675,12000,3675,Online
ORD471,6/9/2024,ST004,Houston,East,PRD505,Monsoon Essentials,Furniture,All,CUST1471,Family U,Consumer,Jessica Davis,4,4500,8,16560,12500,4060,Card
ORD472,6/9/2024,ST004,Houston,East,PRD506,Dehumidifier,Furniture,Appliances,CUST1472,Family V,Consumer,Jessica Davis,2,12000,5,22800,17500,5300,Cash
ORD473,6/10/2024,ST005,Houston,South,PRD575,Monsoon Grocery Stock,Furniture,Essentials,CUST1473,Family W,Consumer,David Wilson,8,550,0,4400,3200,1200,Cash
ORD474,6/10/2024,ST005,Houston,South,PRD576,Immunity Boosters,Furniture,Health,CUST1474,Family X,Consumer,David Wilson,5,450,0,2250,1650,600,Card
ORD475,6/11/2024,ST006,Houston,West,PRD655,Monsoon Fitness Gear,Sports,Fitness,CUST1475,Fitness Y,Consumer,Daniel Miller,3,3200,0,9600,7200,2400,Card
ORD476,6/11/2024,ST006,Houston,West,PRD656,Indoor Cycling Kit,Sports,Fitness,CUST1476,Fitness Z,Consumer,Daniel Miller,2,5500,5,10450,8000,2450,Online
ORD477,6/12/2024,ST007,Houston,East,PRD507,Father's Day Gift,Furniture,Gifts,CUST1477,Son A,Consumer,Jessica Davis,1,15000,8,13800,10500,3300,Card
ORD478,6/12/2024,ST007,Houston,East,PRD508,Recliner Chair,Furniture,Chairs,CUST1478,Daughter B,Consumer,Jessica Davis,1,22000,5,20900,16500,4400,Online
ORD479,6/13/2024,ST008,Houston,East,PRD509,Father's Day Special,Furniture,Gifts,CUST1479,Son C,Consumer,Jessica Davis,2,8500,10,15300,11500,3800,Card
ORD480,6/13/2024,ST008,Houston,East,PRD510,Office Chair Gift,Furniture,Chairs,CUST1480,Daughter D,Consumer,Jessica Davis,1,12000,5,11400,8800,2600,Cash
ORD481,6/14/2024,ST001,New York,West,PRD183,Father's Day Electronics,Electronics,Gifts,CUST1481,Son E,Consumer,John Smith,2,25000,8,46000,35000,11000,Card
ORD482,6/14/2024,ST001,New York,West,PRD184,Smart Watch Gift,Electronics,Wearables,CUST1482,Daughter F,Consumer,John Smith,1,18000,5,17100,13000,4100,Online
ORD483,6/15/2024,ST002,Los Angeles,North,PRD281,Father's Day Clothing,Clothing,Men's Wear,CUST1483,Son G,Consumer,Emily Johnson,2,4500,5,8550,6500,2050,Card
ORD484,6/15/2024,ST002,Los Angeles,North,PRD282,Formal Shirt Set,Clothing,Formal Wear,CUST1484,Daughter H,Consumer,Emily Johnson,3,2800,0,8400,6300,2100,Cash
ORD485,6/16/2024,ST003,Chicago,South,PRD377,Yoga Day Special,Electronics,Fitness,CUST1485,Yoga I,Consumer,Michael Brown,2,5500,8,10120,7700,2420,Card
ORD486,6/16/2024,ST003,Chicago,South,PRD378,Fitness Tracker,Electronics,Wearables,CUST1486,Yoga J,Consumer,Michael Brown,3,4500,5,12825,9800,3025,Online
ORD487,6/17/2024,ST004,Houston,East,PRD511,Yoga Mat Premium,Sports,Fitness,CUST1487,Yoga K,Consumer,Jessica Davis,4,2200,0,8800,6600,2200,Card
ORD488,6/17/2024,ST004,Houston,East,PRD512,Meditation Cushion,Furniture,Wellness,CUST1488,Yoga L,Consumer,Jessica Davis,5,1200,5,5700,4300,1400,Cash
ORD489,6/18/2024,ST005,Houston,South,PRD577,International Yoga Day,Furniture,Health Food,CUST1489,Yoga M,Consumer,David Wilson,6,350,0,2100,1550,550,Cash
ORD490,6/18/2024,ST005,Houston,South,PRD578,Organic Health Pack,Furniture,Organic,CUST1490,Yoga N,Consumer,David Wilson,4,550,0,2200,1650,550,Card
ORD491,6/19/2024,ST006,Houston,West,PRD657,Yoga Accessories Kit,Sports,Yoga,CUST1491,Yoga O,Consumer,Daniel Miller,3,2800,5,7980,6000,1980,Card
ORD492,6/19/2024,ST006,Houston,West,PRD658,Yoga Wear,Sports,Apparel,CUST1492,Yoga P,Consumer,Daniel Miller,4,1800,0,7200,5400,1800,Online
ORD493,6/20/2024,ST007,Houston,East,PRD513,Monsoon Special Bean Bag,Furniture,Seating,CUST1493,Student Q,Consumer,Jessica Davis,2,4500,0,9000,6800,2200,Card
ORD494,6/20/2024,ST007,Houston,East,PRD514,Floor Cushions,Furniture,Seating,CUST1494,Student R,Consumer,Jessica Davis,6,800,5,4560,3400,1160,Cash
ORD495,6/21/2024,ST008,Houston,East,PRD515,Summer Solstice Sale,Furniture,All,CUST1495,Shopper S,Consumer,Jessica Davis,4,12000,15,40800,31000,9800,Card
ORD496,6/21/2024,ST008,Houston,East,PRD516,Clearance Sale,Furniture,All,CUST1496,Shopper T,Consumer,Jessica Davis,3,8500,20,20400,15500,4900,Online
ORD497,6/22/2024,ST001,New York,West,PRD185,Monsoon TV Offer,Electronics,Televisions,CUST1497,Family U,Consumer,John Smith,1,38000,12,33440,26000,7440,Card
ORD498,6/22/2024,ST001,New York,West,PRD186,Home Theater System,Electronics,Audio,CUST1498,Family V,Consumer,John Smith,1,25000,8,23000,18000,5000,Online
ORD499,6/23/2024,ST002,Los Angeles,North,PRD283,Monsoon Clothing Sale,Clothing,All,CUST1499,Shopper W,Consumer,Emily Johnson,5,2200,15,9350,7000,2350,Card
ORD500,6/23/2024,ST002,Los Angeles,North,PRD284,Rainwear Collection,Clothing,Outerwear,CUST1500,Shopper X,Consumer,Emily Johnson,3,1500,10,4050,3000,1050,Cash
ORD501,6/24/2024,ST003,Chicago,South,PRD379,Monsoon Gaming PC,Electronics,Computers,CUST1501,Gamer Y,Consumer,Michael Brown,1,85000,8,78200,62000,16200,Card
ORD502,6/24/2024,ST003,Chicago,South,PRD380,Gaming Chair,Electronics,Accessories,CUST1502,Gamer Z,Consumer,Michael Brown,1,22000,5,20900,16500,4400,Online
ORD503,6/25/2024,ST004,Houston,East,PRD517,Monsoon Bedding Sale,Furniture,Bedding,CUST1503,Home A,Consumer,Jessica Davis,4,2800,8,10304,7800,2504,Card
ORD504,6/25/2024,ST004,Houston,East,PRD518,Quilt & Blanket,Furniture,Bedding,CUST1504,Home B,Consumer,Jessica Davis,3,3500,5,9975,7600,2375,Cash
ORD505,6/26/2024,ST005,Houston,South,PRD579,Monsoon Fruits,Furniture,Fruits,CUST1505,Health C,Consumer,David Wilson,5,220,0,1100,800,300,Cash
ORD506,6/26/2024,ST005,Houston,South,PRD580,Vitamin C Pack,Furniture,Health,CUST1506,Health D,Consumer,David Wilson,4,350,0,1400,1050,350,Card
ORD507,6/27/2024,ST006,Houston,West,PRD659,Monsoon Adventure Gear,Sports,Outdoor,CUST1507,Adventurer E,Consumer,Daniel Miller,2,6500,5,12350,9500,2850,Card
ORD508,6/27/2024,ST006,Houston,West,PRD660,Waterproof Backpack,Sports,Bags,CUST1508,Adventurer F,Consumer,Daniel Miller,3,2800,0,8400,6300,2100,Online
ORD509,6/28/2024,ST007,Houston,East,PRD519,Monsoon Home Office,Furniture,Office,CUST1509,WFH G,Home Office,Jessica Davis,2,8500,8,15640,12000,3640,Card
ORD510,6/28/2024,ST007,Houston,East,PRD520,Ergonomic Chair,Furniture,Chairs,CUST1510,WFH H,Home Office,Jessica Davis,1,15000,5,14250,11000,3250,Cash
ORD501,7/1/2024,ST001,New York,West,PRD187,July Startup Offer,Electronics,All,CUST1501,Startup A,Corporate,John Smith,5,15000,12,66000,50000,16000,Card
ORD502,7/1/2024,ST001,New York,West,PRD188,Office Laptop Bulk,Electronics,Computers,CUST1502,Startup B,Corporate,John Smith,8,55000,15,374000,300000,74000,Online
ORD503,7/2/2024,ST002,Los Angeles,North,PRD285,Monsoon Office Wear,Clothing,Formal Wear,CUST1503,Corporate C,Corporate,Emily Johnson,6,3200,8,17664,13500,4164,Card
ORD504,7/2/2024,ST002,Los Angeles,North,PRD286,Formal Shirts Bulk,Clothing,Men's Wear,CUST1504,Corporate D,Corporate,Emily Johnson,10,2500,10,22500,17000,5500,Cash
ORD505,7/3/2024,ST003,Chicago,South,PRD381,IT Company Order,Electronics,All,CUST1505,Tech E,Corporate,Michael Brown,12,22000,18,216480,170000,46480,Card
ORD506,7/3/2024,ST003,Chicago,South,PRD382,Server Equipment,Electronics,Networking,CUST1506,Tech F,Corporate,Michael Brown,3,85000,12,224400,180000,44400,Online
ORD507,7/4/2024,ST004,Houston,East,PRD523,Office Furniture Bulk,Furniture,Office,CUST1507,Corporate G,Corporate,Jessica Davis,15,12000,20,144000,110000,34000,Card
ORD508,7/4/2024,ST004,Houston,East,PRD524,Conference Tables,Furniture,Office,CUST1508,Corporate H,Corporate,Jessica Davis,4,35000,15,119000,90000,29000,Cash
ORD509,7/5/2024,ST005,Houston,South,PRD581,Corporate Grocery,Furniture,Bulk,CUST1509,Corporate I,Corporate,David Wilson,20,2500,8,46000,35000,11000,Card
ORD510,7/5/2024,ST005,Houston,South,PRD582,Office Snacks,Furniture,Snacks,CUST1510,Corporate J,Corporate,David Wilson,15,1800,5,25650,19500,6150,Online
ORD511,7/6/2024,ST006,Houston,West,PRD661,Corporate Sports Kit,Sports,Bulk,CUST1511,Corporate K,Corporate,Daniel Miller,10,3500,12,30800,24000,6800,Card
ORD512,7/6/2024,ST006,Houston,West,PRD662,Team Uniforms,Sports,Apparel,CUST1512,Corporate L,Corporate,Daniel Miller,25,2200,15,46750,36000,10750,Online
ORD513,7/7/2024,ST007,Houston,East,PRD525,Office Cabin Furniture,Furniture,Office,CUST1513,Corporate M,Corporate,Jessica Davis,6,18000,10,97200,75000,22200,Card
ORD514,7/7/2024,ST007,Houston,East,PRD526,Reception Desk,Furniture,Office,CUST1514,Corporate N,Corporate,Jessica Davis,2,45000,8,82800,65000,17800,Cash
ORD515,7/8/2024,ST008,Houston,East,PRD527,HR Department Order,Furniture,Office,CUST1515,Corporate O,Corporate,Jessica Davis,8,9500,12,66880,52000,14880,Card
ORD516,7/8/2024,ST008,Houston,East,PRD528,Employee Chairs,Furniture,Chairs,CUST1516,Corporate P,Corporate,Jessica Davis,20,6500,15,110500,85000,25500,Online
ORD517,7/9/2024,ST001,New York,West,PRD189,B2B Electronics Deal,Electronics,All,CUST1517,Corporate Q,Corporate,John Smith,15,28000,18,344400,270000,74400,Card
ORD518,7/9/2024,ST001,New York,West,PRD190,CCTV Security System,Electronics,Security,CUST1518,Corporate R,Corporate,John Smith,5,45000,12,198000,155000,43000,Online
ORD546,7/23/2024,ST007,Houston,East,PRD538,Bunk Beds Bulk,Furniture,Educational,CUST1546,College TT,Educational,Jessica Davis,40,12000,12,422400,330000,92400,Cash
ORD547,7/24/2024,ST008,Houston,East,PRD539,Teacher's Furniture,Furniture,Educational,CUST1547,School UU,Educational,Jessica Davis,25,9500,10,213750,165000,48750,Card
ORD548,7/24/2024,ST008,Houston,East,PRD540,Staff Room Setup,Furniture,Educational,CUST1548,School VV,Educational,Jessica Davis,12,15000,8,165600,128000,37600,Online
ORD549,7/25/2024,ST001,New York,West,PRD193,Kargil Vijay Diwas,Electronics,Special,CUST1549,Veteran WW,Consumer,John Smith,2,25000,15,42500,33000,9500,Card
ORD550,7/25/2024,ST001,New York,West,PRD194,Army Welfare Offer,Electronics,Special,CUST1550,Veteran XX,Consumer,John Smith,1,45000,20,36000,28000,8000,Online
ORD551,7/26/2024,ST002,Los Angeles,North,PRD291,Kargil Day Special,Clothing,Tribute,CUST1551,Veteran YY,Consumer,Emily Johnson,3,2800,12,7392,5600,1792,Card
ORD552,7/26/2024,ST002,Los Angeles,North,PRD292,Tricolor Collection,Clothing,Patriotic,CUST1552,Veteran ZZ,Consumer,Emily Johnson,4,2200,10,7920,6000,1920,Cash
ORD553,7/27/2024,ST003,Chicago,South,PRD387,Freedom Sale Begin,Electronics,All,CUST1553,Shopper AAA,Consumer,Michael Brown,3,15000,8,41400,32000,9400,Card
ORD554,7/27/2024,ST003,Chicago,South,PRD388,Pre-Independence Offer,Electronics,All,CUST1554,Shopper BBB,Consumer,Michael Brown,2,32000,10,57600,45000,12600,Online
ORD555,7/28/2024,ST004,Houston,East,PRD541,Freedom Furniture Sale,Furniture,All,CUST1555,Shopper CCC,Consumer,Jessica Davis,3,18000,12,47520,37000,10520,Card
ORD556,7/28/2024,ST004,Houston,East,PRD542,Tiranga Collection,Furniture,Decor,CUST1556,Shopper DDD,Consumer,Jessica Davis,5,3500,8,16100,12500,3600,Cash
ORD557,7/29/2024,ST005,Houston,South,PRD587,Independence Grocery,Furniture,Special,CUST1557,Shopper EEE,Consumer,David Wilson,8,1200,5,9120,7000,2120,Card
ORD558,7/29/2024,ST005,Houston,South,PRD588,Patriotic Snacks Pack,Furniture,Special,CUST1558,Shopper FFF,Consumer,David Wilson,10,550,0,5500,4100,1400,Online
ORD559,7/30/2024,ST006,Houston,West,PRD667,Sports Freedom Sale,Sports,All,CUST1559,Shopper GGG,Consumer,Daniel Miller,4,3500,10,12600,9700,2900,Card
ORD560,7/30/2024,ST006,Houston,West,PRD668,Tricolor Sportswear,Sports,Apparel,CUST1560,Shopper HHH,Consumer,Daniel Miller,6,1800,8,9936,7600,2336,Online
ORD561,7/31/2024,ST007,Houston,East,PRD543,Independence Day Sale,Furniture,All,CUST1561,Shopper III,Consumer,Jessica Davis,2,25000,15,42500,33000,9500,Card
ORD562,7/31/2024,ST007,Houston,East,PRD544,Flag Display Stand,Furniture,Decor,CUST1562,Shopper JJJ,Consumer,Jessica Davis,10,800,0,8000,6000,2000,Cash
ORD563,8/1/2024,ST001,New York,West,PRD195,August Month Start,Electronics,All,CUST1563,Shopper KKK,Consumer,John Smith,2,18000,5,34200,26500,7700,Card
ORD564,8/1/2024,ST001,New York,West,PRD196,Friendship Day Gifts,Electronics,Gifts,CUST1564,Friend LLL,Consumer,John Smith,3,5500,8,15180,11500,3680,Online
ORD565,8/2/2024,ST002,Los Angeles,North,PRD293,Friendship Day Bands,Clothing,Accessories,CUST1565,Friend MMM,Consumer,Emily Johnson,10,500,0,5000,3500,1500,Cash
ORD566,8/2/2024,ST002,Los Angeles,North,PRD294,Couple T-Shirts,Clothing,Couples,CUST1566,Friend NNN,Consumer,Emily Johnson,4,1800,5,6840,5200,1640,Card
ORD567,8/3/2024,ST003,Chicago,South,PRD389,Friendship Day Gadgets,Electronics,Gifts,CUST1567,Friend OOO,Consumer,Michael Brown,3,4500,0,13500,10200,3300,Card
ORD568,8/3/2024,ST003,Chicago,South,PRD390,Smart Band Gift,Electronics,Wearables,CUST1568,Friend PPP,Consumer,Michael Brown,2,5500,5,10450,8000,2450,Online
ORD569,8/4/2024,ST004,Houston,East,PRD545,Rakhi Shopping Start,Furniture,Gifts,CUST1569,Sister QQQ,Consumer,Jessica Davis,2,8500,8,15640,12000,3640,Card
ORD570,8/4/2024,ST004,Houston,East,PRD546,Rakhi Gift Hamper,Furniture,Gifts,CUST1570,Sister RRR,Consumer,Jessica Davis,3,3500,5,9975,7600,2375,Cash
ORD571,8/5/2024,ST005,Houston,South,PRD589,Rakhi Sweets,Furniture,Sweets,CUST1571,Sister SSS,Consumer,David Wilson,5,650,0,3250,2400,850,Cash
ORD572,8/5/2024,ST005,Houston,South,PRD590,Dry Fruits Pack,Furniture,Gifts,CUST1572,Sister TTT,Consumer,David Wilson,4,1200,0,4800,3600,1200,Card
ORD573,8/6/2024,ST006,Houston,West,PRD669,Rakhi Sports Gift,Sports,Gifts,CUST1573,Brother UUU,Consumer,Daniel Miller,2,2800,5,5320,4000,1320,Card
ORD574,8/6/2024,ST006,Houston,West,PRD670,Fitness Band Gift,Sports,Wearables,CUST1574,Brother VVV,Consumer,Daniel Miller,1,4500,0,4500,3400,1100,Online
ORD575,8/7/2024,ST007,Houston,East,PRD547,Rakhi Special Furniture,Furniture,Gifts,CUST1575,Sister WWW,Consumer,Jessica Davis,1,15000,8,13800,10500,3300,Card
ORD576,8/7/2024,ST007,Houston,East,PRD548,Home Decor Gift,Furniture,Decor,CUST1576,Sister XXX,Consumer,Jessica Davis,3,4200,5,11970,9100,2870,Cash
ORD577,8/8/2024,ST008,Houston,East,PRD549,Rakhi Thali Set,Other,Religious,CUST1577,Sister YYY,Consumer,Jessica Davis,5,1200,0,6000,4500,1500,Card
ORD578,8/8/2024,ST008,Houston,East,PRD550,Pooja Essentials,Other,Religious,CUST1578,Sister ZZZ,Consumer,Jessica Davis,4,800,0,3200,2400,800,Online
ORD579,8/9/2024,ST001,New York,West,PRD197,Independence Week,Electronics,All,CUST1579,Patriot AAAA,Consumer,John Smith,2,25000,12,44000,34000,10000,Card
ORD580,8/9/2024,ST001,New York,West,PRD198,Tricolor Electronics,Electronics,Special,CUST1580,Patriot BBBB,Consumer,John Smith,3,12000,8,33120,25500,7620,Online
ORD581,8/10/2024,ST002,Los Angeles,North,PRD295,Tiranga Clothing,Clothing,Patriotic,CUST1581,Patriot CCCC,Consumer,Emily Johnson,5,1500,5,7125,5400,1725,Card
ORD582,8/10/2024,ST002,Los Angeles,North,PRD296,Flag T-Shirts,Clothing,Patriotic,CUST1582,Patriot DDDD,Consumer,Emily Johnson,8,800,0,6400,4800,1600,Cash
ORD583,8/11/2024,ST003,Chicago,South,PRD391,Freedom Festival,Electronics,All,CUST1583,Patriot EEEE,Consumer,Michael Brown,2,32000,10,57600,44500,13100,Card
ORD584,8/11/2024,ST003,Chicago,South,PRD392,Independence Offer,Electronics,All,CUST1584,Patriot FFFF,Consumer,Michael Brown,3,18000,8,49680,38500,11180,Online
ORD585,8/12/2024,ST004,Houston,East,PRD551,Swadeshi Furniture,Furniture,Special,CUST1585,Patriot GGGG,Consumer,Jessica Davis,2,22000,12,38720,30000,8720,Card
ORD586,8/12/2024,ST004,Houston,East,PRD552,Indian Craft Furniture,Furniture,Handicraft,CUST1586,Patriot HHHH,Consumer,Jessica Davis,3,9500,8,26220,20000,6220,Cash
ORD587,8/13/2024,ST005,Houston,South,PRD591,Indian Grocery Pack,Furniture,Special,CUST1587,Patriot IIII,Consumer,David Wilson,6,1500,5,8550,6500,2050,Card
ORD588,8/13/2024,ST005,Houston,South,PRD592,Traditional Sweets,Furniture,Sweets,CUST1588,Patriot JJJJ,Consumer,David Wilson,5,800,0,4000,3000,1000,Online
ORD589,8/14/2024,ST006,Houston,West,PRD671,Sports Tiranga Run,Sports,Event,CUST1589,Patriot KKKK,Consumer,Daniel Miller,10,1200,5,11400,8700,2700,Card
ORD590,8/14/2024,ST006,Houston,West,PRD672,Marathon Kit,Sports,Fitness,CUST1590,Patriot LLLL,Consumer,Daniel Miller,8,1800,0,14400,11000,3400,Online
ORD591,8/15/2024,ST001,New York,West,PRD199,Independence Day Mega Sale,Electronics,All,CUST1591,Citizen MMMM,Consumer,John Smith,4,15000,15,51000,39000,12000,Card
ORD592,8/15/2024,ST001,New York,West,PRD200,15th August Special,Electronics,All,CUST1592,Citizen NNNN,Consumer,John Smith,3,28000,18,68880,53000,15880,Online
ORD593,8/16/2024,ST002,Los Angeles,North,PRD297,Post-Independence Sale,Clothing,All,CUST1593,Shopper OOOO,Consumer,Emily Johnson,5,2500,12,11000,8400,2600,Card
ORD594,8/16/2024,ST002,Los Angeles,North,PRD298,Clearance Stock,Clothing,All,CUST1594,Shopper PPPP,Consumer,Emily Johnson,4,1800,15,6120,4700,1420,Cash
ORD595,8/17/2024,ST003,Chicago,South,PRD393,Weekend Special,Electronics,All,CUST1595,Shopper QQQQ,Consumer,Michael Brown,2,22000,8,40480,31500,8980,Card
ORD596,8/17/2024,ST003,Chicago,South,PRD394,Student Offer,Electronics,All,CUST1596,Student RRRR,Consumer,Michael Brown,1,45000,10,40500,32000,8500,Online
ORD597,8/18/2024,ST004,Houston,East,PRD553,Pujo Shopping Start,Furniture,All,CUST1597,Shopper SSSS,Consumer,Jessica Davis,2,28000,8,51520,40000,11520,Card
ORD598,8/18/2024,ST004,Houston,East,PRD554,Durga Puja Advance,Furniture,All,CUST1598,Shopper TTTT,Consumer,Jessica Davis,3,15000,5,42750,33000,9750,Cash
ORD599,8/19/2024,ST005,Houston,South,PRD593,Onam Special Start,Furniture,Festive,CUST1599,Malayali UUUU,Consumer,David Wilson,4,2500,8,9200,7000,2200,Card
ORD600,8/19/2024,ST005,Houston,South,PRD594,Onam Sadhya Pack,Furniture,Festive,CUST1600,Malayali VVVV,Consumer,David Wilson,3,1800,5,5130,3900,1230,Online
ORD601,8/20/2024,ST006,Houston,West,PRD673,Ganesh Festival Start,Sports,Events,CUST1601,Devotee WWWW,Consumer,Daniel Miller,5,1500,0,7500,5700,1800,Card
ORD602,8/20/2024,ST006,Houston,West,PRD674,Ganesh Idol Decoration,Other,Religious,CUST1602,Devotee XXXX,Consumer,Daniel Miller,3,2200,5,6270,4800,1470,Online
ORD603,8/21/2024,ST007,Houston,East,PRD555,Durga Puja Decor,Furniture,Festive,CUST1603,Bengali YYYY,Consumer,Jessica Davis,4,3500,0,14000,10700,3300,Card
ORD604,8/21/2024,ST007,Houston,East,PRD556,Puja Pandal Supplies,Furniture,Festive,CUST1604,Bengali ZZZZ,Consumer,Jessica Davis,6,2800,8,15456,11800,3656,Cash
ORD605,8/22/2024,ST008,Houston,East,PRD557,Puja Gift Items,Other,Gifts,CUST1605,Bengali AAAA1,Consumer,Jessica Davis,8,1200,5,9120,6900,2220,Card
ORD606,8/22/2024,ST008,Houston,East,PRD558,Festive Home Decor,Furniture,Decor,CUST1606,Bengali BBBB1,Consumer,Jessica Davis,5,2200,0,11000,8400,2600,Online
ORD607,8/23/2024,ST001,New York,West,PRD201,Ganesh Chaturthi Special,Electronics,Festive,CUST1607,Marathi CCCC1,Consumer,John Smith,2,18000,8,33120,25500,7620,Card
ORD608,8/23/2024,ST001,New York,West,PRD202,Ganpati Decoration Lights,Electronics,Festive,CUST1608,Marathi DDDD1,Consumer,John Smith,4,2500,5,9500,7200,2300,Online
ORD609,8/24/2024,ST002,Los Angeles,North,PRD299,Janmashtami Special,Clothing,Festive,CUST1609,Devotee EEEE1,Consumer,Emily Johnson,3,3200,8,8832,6700,2132,Card
ORD610,8/24/2024,ST002,Los Angeles,North,PRD300,Krishna Dress,Clothing,Ethnic Wear,CUST1610,Devotee FFFF1,Consumer,Emily Johnson,2,2800,5,5320,4000,1320,Cash
ORD611,8/25/2024,ST003,Chicago,South,PRD395,Gowri-Ganesha Special,Electronics,Festive,CUST1611,Kannadiga GGGG1,Consumer,Michael Brown,2,15000,5,28500,22000,6500,Card
ORD601,8/26/2024,ST001,New York,West,PRD203,Ganesh Festival Offer,Electronics,Festive,CUST1613,Ganesh Bhakt A,Consumer,John Smith,3,12000,8,33120,25500,7620,Card
ORD602,8/26/2024,ST001,New York,West,PRD204,Modak Maker Machine,Electronics,Appliances,CUST1614,Ganesh Bhakt B,Consumer,John Smith,2,3500,5,6650,5100,1550,Online
ORD603,8/27/2024,ST002,Los Angeles,North,PRD301,Janmashtami Pooja Items,Other,Religious,CUST1615,Krishna Bhakt C,Consumer,Emily Johnson,5,1200,0,6000,4500,1500,Cash
ORD604,8/27/2024,ST002,Los Angeles,North,PRD302,Mathura Peda Pack,Furniture,Sweets,CUST1616,Krishna Bhakt D,Consumer,Emily Johnson,4,800,0,3200,2400,800,Card
ORD605,8/28/2024,ST003,Chicago,South,PRD397,Ganesha Idol,Other,Religious,CUST1617,Ganesh Bhakt E,Consumer,Michael Brown,2,5500,5,10450,8000,2450,Card
ORD606,8/28/2024,ST003,Chicago,South,PRD398,Festive Decoration Lights,Electronics,Decor,CUST1618,Ganesh Bhakt F,Consumer,Michael Brown,4,1800,0,7200,5500,1700,Online
ORD607,8/29/2024,ST004,Houston,East,PRD559,Durga Puja Advance Booking,Furniture,Festive,CUST1619,Pujo Lover G,Consumer,Jessica Davis,2,15000,8,27600,21000,6600,Card
ORD608,8/29/2024,ST004,Houston,East,PRD560,Puja Pandal Furniture,Furniture,Festive,CUST1620,Pujo Lover H,Consumer,Jessica Davis,5,8500,10,38250,29000,9250,Cash
ORD609,8/30/2024,ST005,Houston,South,PRD595,Onam Celebration Pack,Furniture,Festive,CUST1621,Onam Celebrator I,Consumer,David Wilson,3,2500,5,7125,5400,1725,Card
ORD610,8/30/2024,ST005,Houston,South,PRD596,Kerala Specialities,Furniture,Regional,CUST1622,Onam Celebrator J,Consumer,David Wilson,4,1800,0,7200,5500,1700,Online
ORD611,8/31/2024,ST006,Houston,West,PRD675,Ganesh Visarjan Kit,Other,Religious,CUST1623,Ganesh Bhakt K,Consumer,Daniel Miller,3,1500,0,4500,3400,1100,Card
ORD612,8/31/2024,ST006,Houston,West,PRD676,Eco-friendly Ganesha,Other,Religious,CUST1624,Ganesh Bhakt L,Consumer,Daniel Miller,2,2200,5,4180,3200,980,Online
ORD613,9/1/2024,ST001,New York,West,PRD205,Teachers' Day Gifts,Electronics,Gifts,CUST1625,Student M,Consumer,John Smith,3,3500,5,9975,7600,2375,Card
ORD614,9/1/2024,ST001,New York,West,PRD206,Kindle Gift,Electronics,E-Readers,CUST1626,Student N,Consumer,John Smith,2,12000,8,22080,17000,5080,Online
ORD615,9/2/2024,ST002,Los Angeles,North,PRD303,Teacher's Day Saree,Clothing,Women's Wear,CUST1627,Student O,Consumer,Emily Johnson,1,5500,5,5225,4000,1225,Card
ORD616,9/2/2024,ST002,Los Angeles,North,PRD304,Formal Shirt Gift,Clothing,Men's Wear,CUST1628,Student P,Consumer,Emily Johnson,2,2800,0,5600,4200,1400,Cash
ORD617,9/3/2024,ST003,Chicago,South,PRD399,Onam Sale Continues,Electronics,Festive,CUST1629,Shopper Q,Consumer,Michael Brown,2,18000,10,32400,25000,7400,Card
ORD618,9/3/2024,ST003,Chicago,South,PRD400,Festival Offers,Electronics,All,CUST1630,Shopper R,Consumer,Michael Brown,3,15000,8,41400,32000,9400,Online
ORD619,9/4/2024,ST004,Houston,East,PRD561,Pujo Countdown Begins,Furniture,Festive,CUST1631,Pujo Lover S,Consumer,Jessica Davis,2,25000,12,44000,34000,10000,Card
ORD620,9/4/2024,ST004,Houston,East,PRD562,Festive Home Makeover,Furniture,All,CUST1632,Pujo Lover T,Consumer,Jessica Davis,4,12000,8,44160,34000,10160,Cash
ORD621,9/5/2024,ST005,Houston,South,PRD597,Onam Sadhya Special,Furniture,Festive,CUST1633,Onam Lover U,Consumer,David Wilson,3,2800,0,8400,6400,2000,Card
ORD622,9/5/2024,ST005,Houston,South,PRD598,Banana Chips Bulk,Furniture,Snacks,CUST1634,Onam Lover V,Consumer,David Wilson,5,450,0,2250,1700,550,Online
ORD623,9/6/2024,ST006,Houston,West,PRD677,Ganesh Festival Finale,Sports,Events,CUST1635,Ganesh Bhakt W,Consumer,Daniel Miller,3,1800,5,5130,3900,1230,Card
ORD624,9/6/2024,ST006,Houston,West,PRD678,Cultural Event Supplies,Sports,Equipment,CUST1636,Ganesh Bhakt X,Consumer,Daniel Miller,4,1200,0,4800,3600,1200,Online
ORD625,9/7/2024,ST007,Houston,East,PRD563,Pujo Shopping Spree,Furniture,Festive,CUST1637,Pujo Lover Y,Consumer,Jessica Davis,3,18000,10,48600,37000,11600,Card
ORD626,9/7/2024,ST007,Houston,East,PRD564,Pandal Booking Advance,Furniture,Rental,CUST1638,Pujo Lover Z,Consumer,Jessica Davis,1,50000,5,47500,37000,10500,Cash
ORD627,9/8/2024,ST008,Houston,East,PRD565,Puja Gift Items,Other,Gifts,CUST1639,Pujo Lover AA,Consumer,Jessica Davis,6,1500,0,9000,6800,2200,Card
ORD628,9/8/2024,ST008,Houston,East,PRD566,Festive Home Decor,Furniture,Decor,CUST1640,Pujo Lover BB,Consumer,Jessica Davis,4,2800,5,10640,8100,2540,Online
ORD629,9/9/2024,ST001,New York,West,PRD207,Ganesh Festival Clearance,Electronics,Festive,CUST1641,Shopper CC,Consumer,John Smith,3,8000,15,20400,15600,4800,Card
ORD630,9/9/2024,ST001,New York,West,PRD208,End of Festival Sale,Electronics,All,CUST1642,Shopper DD,Consumer,John Smith,2,15000,12,26400,20000,6400,Online
ORD631,9/10/2024,ST002,Los Angeles,North,PRD305,Navratri Prep Starts,Clothing,Ethnic Wear,CUST1643,Garba Lover EE,Consumer,Emily Johnson,4,3500,8,12880,9800,3080,Card
ORD632,9/10/2024,ST002,Los Angeles,North,PRD306,Chaniya Choli Collection,Clothing,Women's Wear,CUST1644,Garba Lover FF,Consumer,Emily Johnson,3,5500,5,15675,12000,3675,Cash
ORD633,9/11/2024,ST003,Chicago,South,PRD401,Dussehra Advance,Electronics,Festive,CUST1645,Festival Shopper GG,Consumer,Michael Brown,2,22000,8,40480,31000,9480,Card
ORD634,9/11/2024,ST003,Chicago,South,PRD402,Navratri Special Offers,Electronics,All,CUST1646,Festival Shopper HH,Consumer,Michael Brown,3,12000,5,34200,26000,8200,Online
ORD635,9/12/2024,ST004,Houston,East,PRD567,Mahalaya Special,Furniture,Festive,CUST1647,Pujo Lover II,Consumer,Jessica Davis,2,15000,8,27600,21000,6600,Card
ORD636,9/12/2024,ST004,Houston,East,PRD568,Pujo Countdown,Furniture,All,CUST1648,Pujo Lover JJ,Consumer,Jessica Davis,3,8500,5,24225,18500,5725,Cash
ORD637,9/13/2024,ST005,Houston,South,PRD599,Navratri Sweets,Furniture,Sweets,CUST1649,Festival Lover KK,Consumer,David Wilson,4,650,0,2600,1950,650,Card
ORD638,9/13/2024,ST005,Houston,South,PRD600,Festival Snacks Pack,Furniture,Snacks,CUST1650,Festival Lover LL,Consumer,David Wilson,5,450,0,2250,1700,550,Online
ORD639,9/14/2024,ST006,Houston,West,PRD679,Garba Night Special,Sports,Events,CUST1651,Garba Lover MM,Consumer,Daniel Miller,4,1800,5,6840,5200,1640,Card
ORD640,9/14/2024,ST006,Houston,West,PRD680,Dandiya Sticks Set,Sports,Equipment,CUST1652,Garba Lover NN,Consumer,Daniel Miller,6,800,0,4800,3600,1200,Online
ORD641,9/15/2024,ST007,Houston,East,PRD569,Pujo Pandhal Booking,Furniture,Rental,CUST1653,Organizer OO,Corporate,Jessica Davis,2,75000,10,135000,105000,30000,Card
ORD642,9/15/2024,ST007,Houston,East,PRD570,Community Puja Order,Furniture,Bulk,CUST1654,Organizer PP,Corporate,Jessica Davis,5,35000,12,154000,120000,34000,Online
ORD643,9/16/2024,ST008,Houston,East,PRD571,Puja Gift Hamper,Other,Gifts,CUST1655,Corporate QQ,Corporate,Jessica Davis,25,2500,15,53125,40000,13125,Card
ORD644,9/16/2024,ST008,Houston,East,PRD572,Employee Diwali Advance,Other,Gifts,CUST1656,Corporate RR,Corporate,Jessica Davis,50,1800,12,79200,60000,19200,Online
ORD645,9/17/2024,ST001,New York,West,PRD209,Corporate Navratri Gifts,Electronics,Gifts,CUST1657,Corporate SS,Corporate,John Smith,15,5500,10,74250,56000,18250,Card
ORD646,9/17/2024,ST001,New York,West,PRD210,Office Diwali Planning,Electronics,Bulk,CUST1658,Corporate TT,Corporate,John Smith,20,3500,8,64400,49000,15400,Online
ORD647,9/18/2024,ST002,Los Angeles,North,PRD307,Navratri Corporate Gifts,Clothing,Gifts,CUST1659,Corporate UU,Corporate,Emily Johnson,30,2200,12,58080,44000,14080,Card
ORD648,9/18/2024,ST002,Los Angeles,North,PRD308,Festival Advance Booking,Clothing,Bulk,CUST1660,Corporate VV,Corporate,Emily Johnson,40,1800,10,64800,49000,15800,Cash
ORD649,9/19/2024,ST003,Chicago,South,PRD403,Corporate Dussehra Gifts,Electronics,Gifts,CUST1661,Corporate WW,Corporate,Michael Brown,12,8500,8,93840,72000,21840,Card
ORD650,9/19/2024,ST003,Chicago,South,PRD404,Bulk Order Festival,Electronics,Bulk,CUST1662,Corporate XX,Corporate,Michael Brown,8,15000,10,108000,83000,25000,Online
ORD651,9/20/2024,ST004,Houston,East,PRD573,Pujo Corporate Gifts,Furniture,Gifts,CUST1663,Corporate YY,Corporate,Jessica Davis,10,12000,12,105600,82000,23600,Card
ORD652,9/20/2024,ST004,Houston,East,PRD574,Office Puja Gift,Furniture,Gifts,CUST1664,Corporate ZZ,Corporate,Jessica Davis,15,5500,8,75900,58000,17900,Cash
ORD653,9/21/2024,ST005,Houston,South,PRD601,Navratri Corporate Sweets,Furniture,Gifts,CUST1665,Corporate AAA,Corporate,David Wilson,25,1200,10,27000,20000,7000,Card
ORD654,9/21/2024,ST005,Houston,South,PRD602,Festival Snacks Bulk,Furniture,Bulk,CUST1666,Corporate BBB,Corporate,David Wilson,30,800,8,22080,17000,5080,Online
ORD655,9/22/2024,ST006,Houston,West,PRD681,Corporate Dandiya Event,Sports,Events,CUST1667,Corporate CCC,Corporate,Daniel Miller,20,1500,10,27000,20000,7000,Card
ORD656,9/22/2024,ST006,Houston,West,PRD682,Team Building Activity,Sports,Events,CUST1668,Corporate DDD,Corporate,Daniel Miller,15,2200,8,30360,23000,7360,Online
ORD657,9/23/2024,ST007,Houston,East,PRD575,Pujo Pandhal Decoration,Furniture,Festive,CUST1669,Organizer EEE,Corporate,Jessica Davis,8,8500,10,61200,47000,14200,Card
ORD658,9/23/2024,ST007,Houston,East,PRD576,Lighting Arrangement,Electronics,Festive,CUST1670,Organizer FFF,Corporate,Jessica Davis,12,3500,5,39900,30000,9900,Cash
ORD659,9/24/2024,ST008,Houston,East,PRD577,Pujo Catering Order,Other,Services,CUST1671,Organizer GGG,Corporate,Jessica Davis,1,150000,8,138000,105000,33000,Card
ORD660,9/24/2024,ST008,Houston,East,PRD578,Pandal Sound System,Electronics,Rental,CUST1672,Organizer HHH,Corporate,Jessica Davis,2,45000,10,81000,62000,19000,Online
ORD661,9/25/2024,ST001,New York,West,PRD211,Navratri Dandiya Nights,Electronics,Events,CUST1673,Garba Lover III,Consumer,John Smith,4,2500,5,9500,7200,2300,Card
ORD662,9/25/2024,ST001,New York,West,PRD212,Portable Speaker,Electronics,Audio,CUST1674,Garba Lover JJJ,Consumer,John Smith,2,5500,0,11000,8400,2600,Online
ORD663,9/26/2024,ST002,Los Angeles,North,PRD309,Navratri Fasting Food,Furniture,Special,CUST1675,Fasting KKK,Consumer,Emily Johnson,5,1200,0,6000,4500,1500,Cash
ORD664,9/26/2024,ST002,Los Angeles,North,PRD310,Sabudana Special Pack,Furniture,Fasting,CUST1676,Fasting LLL,Consumer,Emily Johnson,4,450,0,1800,1300,500,Card
ORD665,9/27/2024,ST003,Chicago,South,PRD405,Dussehra Shopping,Electronics,Festive,CUST1677,Shopper MMM,Consumer,Michael Brown,2,28000,8,51520,40000,11520,Card
ORD666,9/27/2024,ST003,Chicago,South,PRD406,Festival Combo Offers,Electronics,All,CUST1678,Shopper NNN,Consumer,Michael Brown,3,12000,5,34200,26000,8200,Online
ORD667,9/28/2024,ST004,Houston,East,PRD579,Shashti Puja Shopping,Furniture,Festive,CUST1679,Pujo Lover OOO,Consumer,Jessica Davis,2,22000,10,39600,30000,9600,Card
ORD668,9/28/2024,ST004,Houston,East,PRD580,Pujo Home Decoration,Furniture,Decor,CUST1680,Pujo Lover PPP,Consumer,Jessica Davis,4,5500,5,20900,16000,4900,Cash
ORD669,9/29/2024,ST005,Houston,South,PRD603,Navratri Golu Dolls,Other,Festive,CUST1681,Golu Set QQQ,Consumer,David Wilson,3,2500,0,7500,5700,1800,Card
ORD670,9/29/2024,ST005,Houston,South,PRD604,Golu Steps,Furniture,Festive,CUST1682,Golu Set RRR,Consumer,David Wilson,2,3500,5,6650,5000,1650,Online
ORD671,9/30/2024,ST006,Houston,West,PRD683,Navratri Final Day,Sports,Events,CUST1683,Garba Lover SSS,Consumer,Daniel Miller,3,1800,0,5400,4100,1300,Card
ORD672,9/30/2024,ST006,Houston,West,PRD684,Garba Competition Prize,Sports,Awards,CUST1684,Garba Lover TTT,Consumer,Daniel Miller,5,1200,5,5700,4300,1400,Online
ORD673,10/1/2024,ST001,New York,West,PRD213,Dussehra Special,Electronics,Festive,CUST1685,Ravan Dahan UUU,Consumer,John Smith,2,18000,8,33120,25500,7620,Card
ORD674,10/1/2024,ST001,New York,West,PRD214,Effigy Making Materials,Other,Festive,CUST1686,Ravan Dahan VVV,Consumer,John Smith,5,1500,0,7500,5600,1900,Online
ORD675,10/2/2024,ST002,Los Angeles,North,PRD311,Dussehra Melã,Clothing,Festive,CUST1687,Festival WWW,Consumer,Emily Johnson,4,3200,5,12160,9300,2860,Card
ORD676,10/2/2024,ST002,Los Angeles,North,PRD312,Ravan Effigy,Other,Festive,CUST1688,Festival XXX,Consumer,Emily Johnson,1,5000,0,5000,3800,1200,Cash
ORD677,10/3/2024,ST003,Chicago,South,PRD407,Mysore Dasara Special,Electronics,Festive,CUST1689,Dasara YYY,Consumer,Michael Brown,2,15000,5,28500,22000,6500,Card
ORD678,10/3/2024,ST003,Chicago,South,PRD408,Dasara Sale,Electronics,All,CUST1690,Dasara ZZZ,Consumer,Michael Brown,3,8500,8,23460,18000,5460,Online
ORD679,10/4/2024,ST004,Houston,East,PRD581,Dashami Pujo Shopping,Furniture,Festive,CUST1691,Vijaya AAAA,Consumer,Jessica Davis,2,28000,10,50400,39000,11400,Card
ORD680,10/4/2024,ST004,Houston,East,PRD582,Sindur Khela Items,Other,Festive,CUST1692,Vijaya BBBB,Consumer,Jessica Davis,4,1200,0,4800,3600,1200,Cash
ORD681,10/5/2024,ST005,Houston,South,PRD605,Ayudha Pooja Special,Electronics,Festive,CUST1693,Tools CCCC,Consumer,David Wilson,2,5500,5,10450,8000,2450,Card
ORD682,10/5/2024,ST005,Houston,South,PRD606,Vehicle Pooja Kit,Other,Religious,CUST1694,Vehicle DDDD,Consumer,David Wilson,3,800,0,2400,1800,600,Online
ORD683,10/6/2024,ST006,Houston,West,PRD685,Dussehra Victory Celebration,Sports,Events,CUST1695,Victory EEEE,Consumer,Daniel Miller,4,1500,5,5700,4300,1400,Card
ORD684,10/6/2024,ST006,Houston,West,PRD686,Sports Awards Function,Sports,Events,CUST1696,Victory FFFF,Consumer,Daniel Miller,6,1200,0,7200,5400,1800,Online
ORD685,10/7/2024,ST007,Houston,East,PRD583,Post-Pujo Clearance,Furniture,Sale,CUST1697,Shopper GGGG,Consumer,Jessica Davis,3,15000,15,38250,29000,9250,Card
ORD686,10/7/2024,ST007,Houston,East,PRD584,Pujo Leftover Stock,Furniture,Sale,CUST1698,Shopper HHHH,Consumer,Jessica Davis,4,8500,12,29920,23000,6920,Cash
ORD687,10/8/2024,ST008,Houston,East,PRD585,Diwali Planning Starts,Furniture,Festive,CUST1699,Diwali IIII,Consumer,Jessica Davis,2,22000,8,40480,31000,9480,Card
ORD688,10/8/2024,ST008,Houston,East,PRD586,Home Decoration Lights,Electronics,Decor,CUST1700,Diwali JJJJ,Consumer,Jessica Davis,5,2800,5,13300,10000,3300,Online
ORD689,10/9/2024,ST001,New York,West,PRD215,Diwali Advance Booking,Electronics,Festive,CUST1701,Diwali KKKK,Consumer,John Smith,2,25000,8,46000,35000,11000,Card
ORD690,10/9/2024,ST001,New York,West,PRD216,Festival Discount Voucher,Electronics,Offers,CUST1702,Diwali LLLL,Consumer,John Smith,3,12000,10,32400,25000,7400,Online
ORD691,10/10/2024,ST002,Los Angeles,North,PRD313,Diwali Clothing Advance,Clothing,Festive,CUST1703,Diwali MMMM,Consumer,Emily Johnson,4,4500,8,16560,12600,3960,Card
ORD692,10/10/2024,ST002,Los Angeles,North,PRD314,Family Diwali Dress,Clothing,Ethnic Wear,CUST1704,Diwali NNNN,Consumer,Emily Johnson,5,3500,5,16625,12700,3925,Cash
ORD693,10/11/2024,ST003,Chicago,South,PRD409,Diwali Gadgets Offer,Electronics,Festive,CUST1705,Diwali OOOO,Consumer,Michael Brown,2,18000,8,33120,25500,7620,Card
ORD694,10/11/2024,ST003,Chicago,South,PRD410,Home Appliance Sale,Electronics,Appliances,CUST1706,Diwali PPPP,Consumer,Michael Brown,3,12000,5,34200,26000,8200,Online
ORD695,10/12/2024,ST004,Houston,East,PRD587,Diwali Pooja Items,Other,Religious,CUST1707,Diwali QQQQ,Consumer,Jessica Davis,4,1800,0,7200,5400,1800,Card
ORD696,10/12/2024,ST004,Houston,East,PRD588,Diyas and Candles,Other,Decor,CUST1708,Diwali RRRR,Consumer,Jessica Davis,10,350,0,3500,2600,900,Cash
ORD697,10/13/2024,ST005,Houston,South,PRD607,Diwali Sweets Box,Furniture,Sweets,CUST1709,Diwali SSSS,Consumer,David Wilson,5,850,0,4250,3200,1050,Card
ORD698,10/13/2024,ST005,Houston,South,PRD608,Dry Fruits Gift Pack,Furniture,Gifts,CUST1710,Diwali TTTT,Consumer,David Wilson,4,1500,5,5700,4300,1400,Online
ORD699,10/14/2024,ST006,Houston,West,PRD687,Diwali Sports Gifts,Sports,Gifts,CUST1711,Diwali UUUU,Consumer,Daniel Miller,3,2800,5,7980,6000,1980,Card
ORD700,10/14/2024,ST006,Houston,West,PRD688,Fitness Equipment Gift,Sports,Fitness,CUST1712,Diwali VVVV,Consumer,Daniel Miller,2,5500,0,11000,8400,2600,Online
ORD701,10/15/2024,ST007,Houston,East,PRD589,Diwali Home Makeover,Furniture,Festive,CUST1713,Diwali WWWW,Consumer,Jessica Davis,3,15000,8,41400,32000,9400,Card
ORD702,10/15/2024,ST007,Houston,East,PRD590,New Furniture for Diwali,Furniture,All,CUST1714,Diwali XXXX,Consumer,Jessica Davis,2,28000,5,53200,41000,12200,Cash
ORD703,10/16/2024,ST008,Houston,East,PRD591,Diwali Corporate Gifts,Furniture,Gifts,CUST1715,Corporate YYYY,Corporate,Jessica Davis,25,3500,12,77000,58000,19000,Card
ORD704,10/16/2024,ST008,Houston,East,PRD592,Employee Diwali Gift,Other,Gifts,CUST1716,Corporate ZZZZ,Corporate,Jessica Davis,50,1800,10,81000,61000,20000,Online
ORD705,10/17/2024,ST001,New York,West,PRD217,Diwali Corporate Electronics,Electronics,Gifts,CUST1717,Corporate AAAA1,Corporate,John Smith,15,5500,8,75900,58000,17900,Card
ORD706,10/17/2024,ST001,New York,West,PRD218,Bulk Diwali Order,Electronics,Bulk,CUST1718,Corporate BBBB1,Corporate,John Smith,10,12000,10,108000,83000,25000,Online
ORD707,10/18/2024,ST002,Los Angeles,North,PRD315,Diwali Clothing Bulk,Clothing,Gifts,CUST1719,Corporate CCCC1,Corporate,Emily Johnson,30,2200,12,58080,44000,14080,Card
ORD701,10/19/2024,ST001,New York,West,PRD219,Diwali Dhamaka Offer,Electronics,Festive,CUST1721,Diwali Shopper A,Consumer,John Smith,3,22000,12,58080,45000,13080,Card
ORD702,10/19/2024,ST001,New York,West,PRD220,Festival Bonanza,Electronics,All,CUST1722,Diwali Shopper B,Consumer,John Smith,2,35000,15,59500,46000,13500,Online
ORD703,10/20/2024,ST002,Los Angeles,North,PRD317,Diwali Ethnic Wear,Clothing,Festive,CUST1723,Diwali Shopper C,Consumer,Emily Johnson,4,5500,8,20240,15500,4740,Card
ORD704,10/20/2024,ST002,Los Angeles,North,PRD318,Family Pack Clothing,Clothing,All,CUST1724,Diwali Shopper D,Consumer,Emily Johnson,5,3800,5,18050,13800,4250,Cash
ORD705,10/21/2024,ST003,Chicago,South,PRD411,Diwali TV Sale,Electronics,Televisions,CUST1725,Diwali Shopper E,Consumer,Michael Brown,2,42000,10,75600,58000,17600,Card
ORD706,10/21/2024,ST003,Chicago,South,PRD412,Home Theatre System,Electronics,Audio,CUST1726,Diwali Shopper F,Consumer,Michael Brown,1,35000,8,32200,25000,7200,Online
ORD707,10/22/2024,ST004,Houston,East,PRD593,Diwali Special Furniture,Furniture,Festive,CUST1727,Diwali Shopper G,Consumer,Jessica Davis,2,28000,10,50400,39000,11400,Card
ORD708,10/22/2024,ST004,Houston,East,PRD594,Sofa Set Diwali Offer,Furniture,Seating,CUST1728,Diwali Shopper H,Consumer,Jessica Davis,1,45000,12,39600,30500,9100,Cash
ORD709,10/23/2024,ST005,Houston,South,PRD609,Diwali Sweets Bulk,Furniture,Sweets,CUST1729,Diwali Shopper I,Consumer,David Wilson,8,850,5,6460,4900,1560,Card
ORD710,10/23/2024,ST005,Houston,South,PRD610,Dry Fruits Combo,Furniture,Gifts,CUST1730,Diwali Shopper J,Consumer,David Wilson,6,1200,0,7200,5500,1700,Online
ORD711,10/24/2024,ST006,Houston,West,PRD689,Diwali Sports Kit,Sports,Gifts,CUST1731,Diwali Shopper K,Consumer,Daniel Miller,3,3500,5,9975,7600,2375,Card
ORD712,10/24/2024,ST006,Houston,West,PRD690,Fitness Equipment,Sports,Fitness,CUST1732,Diwali Shopper L,Consumer,Daniel Miller,2,5500,8,10120,7800,2320,Online
ORD713,10/25/2024,ST007,Houston,East,PRD595,Lakshmi Puja Special,Furniture,Festive,CUST1733,Diwali Shopper M,Consumer,Jessica Davis,2,15000,5,28500,22000,6500,Card
ORD714,10/25/2024,ST007,Houston,East,PRD596,Puja Room Decor,Furniture,Decor,CUST1734,Diwali Shopper N,Consumer,Jessica Davis,4,3500,0,14000,10700,3300,Cash
ORD715,10/26/2024,ST008,Houston,East,PRD597,Diwali Puja Items,Other,Religious,CUST1735,Diwali Shopper O,Consumer,Jessica Davis,5,1500,0,7500,5700,1800,Card
ORD716,10/26/2024,ST008,Houston,East,PRD598,Diyas & Candles Bulk,Other,Decor,CUST1736,Diwali Shopper P,Consumer,Jessica Davis,12,350,0,4200,3200,1000,Online
ORD717,10/27/2024,ST001,New York,West,PRD221,Diwali Gift Vouchers,Electronics,Gifts,CUST1737,Diwali Shopper Q,Consumer,John Smith,5,5000,0,25000,19000,6000,Card
ORD718,10/27/2024,ST001,New York,West,PRD222,Smart Watch Gift,Electronics,Wearables,CUST1738,Diwali Shopper R,Consumer,John Smith,3,18000,8,49680,38000,11680,Online
ORD719,10/28/2024,ST002,Los Angeles,North,PRD319,Bandi Chor Diwas,Clothing,Festive,CUST1739,Sikh Devotee S,Consumer,Emily Johnson,2,6500,5,12350,9500,2850,Card
ORD720,10/28/2024,ST002,Los Angeles,North,PRD320,Gurpurab Special,Clothing,Religious,CUST1740,Sikh Devotee T,Consumer,Emily Johnson,3,3800,0,11400,8700,2700,Cash
ORD721,10/29/2024,ST003,Chicago,South,PRD413,Diwali Clearance Sale,Electronics,Sale,CUST1741,Diwali Shopper U,Consumer,Michael Brown,2,28000,15,47600,36500,11100,Card
ORD722,10/29/2024,ST003,Chicago,South,PRD414,Post-Diwali Offers,Electronics,All,CUST1742,Diwali Shopper V,Consumer,Michael Brown,3,12000,12,31680,24000,7680,Online
ORD723,10/30/2024,ST004,Houston,East,PRD599,Bhai Dooj Special,Furniture,Gifts,CUST1743,Bhai Dooj W,Consumer,Jessica Davis,2,8500,5,16150,12400,3750,Card
ORD724,10/30/2024,ST004,Houston,East,PRD600,Rakhi Return Gift,Furniture,Gifts,CUST1744,Bhai Dooj X,Consumer,Jessica Davis,3,5500,0,16500,12600,3900,Cash
ORD725,10/31/2024,ST005,Houston,South,PRD611,Diwali Leftover Stock,Furniture,Sale,CUST1745,Diwali Shopper Y,Consumer,David Wilson,4,1200,10,4320,3300,1020,Card
ORD726,10/31/2024,ST005,Houston,South,PRD612,Festival End Sale,Furniture,All,CUST1746,Diwali Shopper Z,Consumer,David Wilson,5,850,8,3910,3000,910,Online
ORD727,11/1/2024,ST001,New York,West,PRD223,Kannada Rajyotsava,Electronics,Regional,CUST1747,Kannadiga AA,Consumer,John Smith,2,15000,5,28500,22000,6500,Card
ORD728,11/1/2024,ST001,New York,West,PRD224,Karnataka Special,Electronics,Offers,CUST1748,Kannadiga BB,Consumer,John Smith,1,32000,8,29440,22500,6940,Online
ORD729,11/2/2024,ST002,Los Angeles,North,PRD321,Karwa Chauth Prep,Clothing,Festive,CUST1749,Karwa Chauth CC,Consumer,Emily Johnson,3,5500,8,15180,11600,3580,Card
ORD730,11/2/2024,ST002,Los Angeles,North,PRD322,Sargi Thali Items,Other,Religious,CUST1750,Karwa Chauth DD,Consumer,Emily Johnson,2,2500,0,5000,3800,1200,Cash
ORD731,11/3/2024,ST003,Chicago,South,PRD415,Karwa Chauth Gifts,Electronics,Gifts,CUST1751,Karwa Chauth EE,Consumer,Michael Brown,2,18000,5,34200,26000,8200,Card
ORD732,11/3/2024,ST003,Chicago,South,PRD416,Smart Watch Gift,Electronics,Wearables,CUST1752,Karwa Chauth FF,Consumer,Michael Brown,1,22000,0,22000,17000,5000,Online
ORD733,11/4/2024,ST004,Houston,East,PRD601,Karwa Chauth Pooja Thali,Other,Religious,CUST1753,Karwa Chauth GG,Consumer,Jessica Davis,3,1800,0,5400,4100,1300,Card
ORD734,11/4/2024,ST004,Houston,East,PRD602,Decor Items for Pooja,Furniture,Decor,CUST1754,Karwa Chauth HH,Consumer,Jessica Davis,4,1200,5,4560,3500,1060,Cash
ORD735,11/5/2024,ST005,Houston,South,PRD613,Karwa Chauth Sweets,Furniture,Sweets,CUST1755,Karwa Chauth II,Consumer,David Wilson,3,850,0,2550,1900,650,Card
ORD736,11/5/2024,ST005,Houston,South,PRD614,Dry Fruits Pack,Furniture,Gifts,CUST1756,Karwa Chauth JJ,Consumer,David Wilson,2,1500,0,3000,2300,700,Online
ORD737,11/6/2024,ST006,Houston,West,PRD691,Karwa Chauth Sports Gift,Sports,Gifts,CUST1757,Karwa Chauth KK,Consumer,Daniel Miller,2,2800,5,5320,4000,1320,Card
ORD738,11/6/2024,ST006,Houston,West,PRD692,Fitness Band Gift,Sports,Wearables,CUST1758,Karwa Chauth LL,Consumer,Daniel Miller,1,4500,0,4500,3400,1100,Online
ORD739,11/7/2024,ST007,Houston,East,PRD603,Chhath Puja Prep,Furniture,Festive,CUST1759,Chhath Puja MM,Consumer,Jessica Davis,4,3500,0,14000,10700,3300,Card
ORD740,11/7/2024,ST007,Houston,East,PRD604,Surya Devta Items,Other,Religious,CUST1760,Chhath Puja NN,Consumer,Jessica Davis,3,2200,5,6270,4800,1470,Cash
ORD741,11/8/2024,ST008,Houston,East,PRD605,Chhath Puja Special,Furniture,Festive,CUST1761,Chhath Puja OO,Consumer,Jessica Davis,2,8500,8,15640,12000,3640,Card
ORD742,11/8/2024,ST008,Houston,East,PRD606,Puja Bamboo Items,Other,Religious,CUST1762,Chhath Puja PP,Consumer,Jessica Davis,5,1200,0,6000,4600,1400,Online
ORD743,11/9/2024,ST001,New York,West,PRD225,Chhath Puja Electronics,Electronics,Gifts,CUST1763,Chhath Puja QQ,Consumer,John Smith,2,15000,5,28500,22000,6500,Card
ORD744,11/9/2024,ST001,New York,West,PRD226,Portable Speaker,Electronics,Audio,CUST1764,Chhath Puja RR,Consumer,John Smith,1,5500,0,5500,4200,1300,Online
ORD745,11/10/2024,ST002,Los Angeles,North,PRD323,Children's Day Special,Clothing,Kids,CUST1765,Child SS,Consumer,Emily Johnson,4,1800,8,6624,5000,1624,Card
ORD746,11/10/2024,ST002,Los Angeles,North,PRD324,Kids Winter Wear,Clothing,Kids,CUST1766,Child TT,Consumer,Emily Johnson,3,2200,5,6270,4800,1470,Cash
ORD747,11/11/2024,ST003,Chicago,South,PRD417,Children's Day Gifts,Electronics,Kids,CUST1767,Child UU,Consumer,Michael Brown,2,8500,5,16150,12400,3750,Card
ORD748,11/11/2024,ST003,Chicago,South,PRD418,Kids Tablet,Electronics,Tablets,CUST1768,Child VV,Consumer,Michael Brown,1,15000,0,15000,11500,3500,Online
ORD749,11/12/2024,ST004,Houston,East,PRD607,Kids Furniture,Furniture,Kids,CUST1769,Child WW,Consumer,Jessica Davis,2,12000,8,22080,17000,5080,Card
ORD750,11/12/2024,ST004,Houston,East,PRD608,Study Table for Kids,Furniture,Kids,CUST1770,Child XX,Consumer,Jessica Davis,3,5500,5,15675,12000,3675,Cash
ORD751,11/13/2024,ST005,Houston,South,PRD615,Kids Snacks Pack,Furniture,Kids,CUST1771,Child YY,Consumer,David Wilson,5,450,0,2250,1700,550,Card
ORD752,11/13/2024,ST005,Houston,South,PRD616,Healthy Kids Food,Furniture,Health,CUST1772,Child ZZ,Consumer,David Wilson,4,650,0,2600,2000,600,Online
ORD753,11/14/2024,ST006,Houston,West,PRD693,Children's Day Sports,Sports,Kids,CUST1773,Child AAA,Consumer,Daniel Miller,3,1800,5,5130,3900,1230,Card
ORD754,11/14/2024,ST006,Houston,West,PRD694,Kids Sports Kit,Sports,Kids,CUST1774,Child BBB,Consumer,Daniel Miller,2,2800,0,5600,4300,1300,Online
ORD755,11/15/2024,ST007,Houston,East,PRD609,Guru Nanak Jayanti,Furniture,Religious,CUST1775,Sikh CCC,Consumer,Jessica Davis,2,15000,5,28500,22000,6500,Card
ORD756,11/15/2024,ST007,Houston,East,PRD610,Langar Seva Items,Other,Religious,CUST1776,Sikh DDD,Consumer,Jessica Davis,5,1200,0,6000,4600,1400,Cash
ORD757,11/16/2024,ST008,Houston,East,PRD611,Gurpurab Special,Furniture,Religious,CUST1777,Sikh EEE,Consumer,Jessica Davis,3,8500,8,23460,18000,5460,Card
ORD759,11/17/2024,ST001,New York,West,PRD227,Winter Sale Begins,Electronics,Seasonal,CUST1779,Winter Shopper GGG,Consumer,John Smith,2,22000,10,39600,30000,9600,Card
ORD760,11/17/2024,ST001,New York,West,PRD228,Room Heater,Electronics,Appliances,CUST1780,Winter Shopper HHH,Consumer,John Smith,3,5500,5,15675,12000,3675,Online
ORD761,11/18/2024,ST002,Los Angeles,North,PRD325,Winter Jackets,Clothing,Winter Wear,CUST1781,Winter Shopper III,Consumer,Emily Johnson,4,3500,8,12880,9800,3080,Card
ORD762,11/18/2024,ST002,Los Angeles,North,PRD326,Sweaters Collection,Clothing,Winter Wear,CUST1782,Winter Shopper JJJ,Consumer,Emily Johnson,3,2800,5,7980,6100,1880,Cash
ORD763,11/19/2024,ST003,Chicago,South,PRD419,Winter Electronics,Electronics,Seasonal,CUST1783,Winter Shopper KKK,Consumer,Michael Brown,2,15000,5,28500,22000,6500,Card
ORD764,11/19/2024,ST003,Chicago,South,PRD420,Electric Blanket,Electronics,Appliances,CUST1784,Winter Shopper LLL,Consumer,Michael Brown,3,3500,0,10500,8000,2500,Online
ORD765,11/20/2024,ST004,Houston,East,PRD613,Winter Furniture,Furniture,Seasonal,CUST1785,Winter Shopper MMM,Consumer,Jessica Davis,2,18000,8,33120,25500,7620,Card
ORD766,11/20/2024,ST004,Houston,East,PRD614,Cozy Bean Bags,Furniture,Seating,CUST1786,Winter Shopper NNN,Consumer,Jessica Davis,4,3500,5,13300,10200,3100,Cash
ORD767,11/21/2024,ST005,Houston,South,PRD617,Winter Grocery,Furniture,Seasonal,CUST1787,Winter Shopper OOO,Consumer,David Wilson,5,1200,0,6000,4600,1400,Card
ORD768,11/21/2024,ST005,Houston,South,PRD618,Dry Fruits for Winter,Furniture,Health,CUST1788,Winter Shopper PPP,Consumer,David Wilson,4,1500,0,6000,4600,1400,Online
ORD769,11/22/2024,ST006,Houston,West,PRD695,Winter Sports Gear,Sports,Seasonal,CUST1789,Winter Shopper QQQ,Consumer,Daniel Miller,3,2800,5,7980,6100,1880,Card
ORD770,11/22/2024,ST006,Houston,West,PRD696,Trekking Winter Wear,Sports,Apparel,CUST1790,Winter Shopper RRR,Consumer,Daniel Miller,2,4500,0,9000,6900,2100,Online
ORD771,11/23/2024,ST007,Houston,East,PRD615,Black Friday Sale,Furniture,Sale,CUST1791,Black Friday SSS,Consumer,Jessica Davis,3,15000,20,36000,27500,8500,Card
ORD772,11/23/2024,ST007,Houston,East,PRD616,Cyber Monday Preview,Furniture,Sale,CUST1792,Black Friday TTT,Consumer,Jessica Davis,2,28000,15,47600,36500,11100,Cash
ORD773,11/24/2024,ST008,Houston,East,PRD617,Black Friday Electronics,Electronics,Sale,CUST1793,Black Friday UUU,Consumer,Jessica Davis,2,42000,18,68880,53000,15880,Card
ORD774,11/24/2024,ST008,Houston,East,PRD618,TV Black Friday Offer,Electronics,Televisions,CUST1794,Black Friday VVV,Consumer,Jessica Davis,1,55000,20,44000,34000,10000,Online
ORD775,11/25/2024,ST001,New York,West,PRD229,Black Friday Electronics,Electronics,Sale,CUST1795,Black Friday WWW,Consumer,John Smith,3,25000,15,63750,49000,14750,Card
ORD776,11/25/2024,ST001,New York,West,PRD230,Laptop Black Friday,Electronics,Computers,CUST1796,Black Friday XXX,Consumer,John Smith,2,65000,12,114400,88000,26400,Online
ORD777,11/26/2024,ST002,Los Angeles,North,PRD327,Black Friday Clothing,Clothing,Sale,CUST1797,Black Friday YYY,Consumer,Emily Johnson,5,2800,20,11200,8500,2700,Card
ORD778,11/26/2024,ST002,Los Angeles,North,PRD328,Winter Wear Black Friday,Clothing,Winter Wear,CUST1798,Black Friday ZZZ,Consumer,Emily Johnson,4,3500,15,11900,9100,2800,Cash
ORD779,11/27/2024,ST003,Chicago,South,PRD421,Black Friday Gadgets,Electronics,Sale,CUST1799,Black Friday AAAA,Consumer,Michael Brown,3,18000,12,47520,36500,11020,Card
ORD780,11/27/2024,ST003,Chicago,South,PRD422,Smart Watch Offer,Electronics,Wearables,CUST1800,Black Friday BBBB,Consumer,Michael Brown,2,22000,10,39600,30000,9600,Online
ORD781,11/28/2024,ST004,Houston,East,PRD619,Cyber Monday Furniture,Furniture,Sale,CUST1801,Cyber Monday CCCC,Consumer,Jessica Davis,2,35000,12,61600,47000,14600,Card
ORD782,11/28/2024,ST004,Houston,East,PRD620,Office Chair Offer,Furniture,Chairs,CUST1802,Cyber Monday DDDD,Consumer,Jessica Davis,4,8500,10,30600,23500,7100,Cash
ORD783,11/29/2024,ST005,Houston,South,PRD619,Cyber Monday Grocery,Furniture,Sale,CUST1803,Cyber Monday EEEE,Consumer,David Wilson,6,1200,8,6624,5000,1624,Card
ORD784,11/29/2024,ST005,Houston,South,PRD620,Bulk Snacks Offer,Furniture,Snacks,CUST1804,Cyber Monday FFFF,Consumer,David Wilson,5,850,10,3825,2900,925,Online
ORD785,11/30/2024,ST006,Houston,West,PRD697,Cyber Monday Sports,Sports,Sale,CUST1805,Cyber Monday GGGG,Consumer,Daniel Miller,3,3500,12,9240,7000,2240,Card
ORD786,11/30/2024,ST006,Houston,West,PRD698,Fitness Equipment Sale,Sports,Fitness,CUST1806,Cyber Monday HHHH,Consumer,Daniel Miller,2,5500,8,10120,7800,2320,Online
ORD787,12/1/2024,ST001,New York,West,PRD231,December Mega Sale,Electronics,Sale,CUST1807,December Shopper IIII,Consumer,John Smith,3,22000,10,59400,45000,14400,Card
ORD788,12/1/2024,ST001,New York,West,PRD232,Christmas Preview,Electronics,Festive,CUST1808,December Shopper JJJJ,Consumer,John Smith,2,35000,8,64400,49000,15400,Online
ORD789,12/2/2024,ST002,Los Angeles,North,PRD329,Winter Clearance,Clothing,Sale,CUST1809,December Shopper KKKK,Consumer,Emily Johnson,4,2800,15,9520,7200,2320,Card
ORD790,12/2/2024,ST002,Los Angeles,North,PRD330,Christmas Wear,Clothing,Festive,CUST1810,December Shopper LLLL,Consumer,Emily Johnson,3,3500,5,9975,7600,2375,Cash
ORD791,12/3/2024,ST003,Chicago,South,PRD423,Year End Sale,Electronics,Sale,CUST1811,December Shopper MMMM,Consumer,Michael Brown,2,28000,12,49280,38000,11280,Card
ORD792,12/3/2024,ST003,Chicago,South,PRD424,Christmas Gadgets,Electronics,Gifts,CUST1812,December Shopper NNNN,Consumer,Michael Brown,3,15000,8,41400,32000,9400,Online
ORD793,12/4/2024,ST004,Houston,East,PRD621,Christmas Furniture,Furniture,Festive,CUST1813,December Shopper OOOO,Consumer,Jessica Davis,2,22000,5,41800,32000,9800,Card
ORD794,12/4/2024,ST004,Houston,East,PRD622,New Year Decor,Furniture,Decor,CUST1814,December Shopper PPPP,Consumer,Jessica Davis,4,3500,0,14000,10700,3300,Cash
ORD795,12/5/2024,ST005,Houston,South,PRD621,Christmas Grocery,Furniture,Festive,CUST1815,December Shopper QQQQ,Consumer,David Wilson,5,1200,5,5700,4300,1400,Card
ORD796,12/5/2024,ST005,Houston,South,PRD622,Cake & Cookies,Furniture,Bakery,CUST1816,December Shopper RRRR,Consumer,David Wilson,4,650,0,2600,2000,600,Online
ORD797,12/6/2024,ST006,Houston,West,PRD699,Christmas Sports Gift,Sports,Gifts,CUST1817,December Shopper SSSS,Consumer,Daniel Miller,3,2800,5,7980,6100,1880,Card
ORD798,12/6/2024,ST006,Houston,West,PRD700,New Year Fitness Goal,Sports,Fitness,CUST1818,December Shopper TTTT,Consumer,Daniel Miller,2,5500,0,11000,8400,2600,Online
ORD799,12/7/2024,ST007,Houston,East,PRD623,Christmas Tree & Decor,Furniture,Festive,CUST1819,December Shopper UUUU,Consumer,Jessica Davis,3,4500,8,12420,9500,2920,Card
ORD800,12/7/2024,ST007,Houston,East,PRD624,Lights & Ornaments,Electronics,Decor,CUST1820,December Shopper VVVV,Consumer,Jessica Davis,5,1500,5,7125,5400,1725,Cash
ORD801,12/8/2024,ST008,Houston,East,PRD625,Christmas Gift Hampers,Other,Gifts,CUST1821,December Shopper WWWW,Consumer,Jessica Davis,4,2500,0,10000,7600,2400,Card
ORD802,12/8/2024,ST008,Houston,East,PRD626,New Year Party Supplies,Other,Party,CUST1822,December Shopper XXXX,Consumer,Jessica Davis,6,1200,0,7200,5500,1700,Online
ORD803,12/9/2024,ST001,New York,West,PRD233,Christmas Electronics,Electronics,Festive,CUST1823,December Shopper YYYY,Consumer,John Smith,2,32000,8,58880,45000,13880,Card
ORD804,12/9/2024,ST001,New York,West,PRD234,Party Speaker,Electronics,Audio,CUST1824,December Shopper ZZZZ,Consumer,John Smith,1,15000,5,14250,11000,3250,Online
ORD805,12/10/2024,ST002,Los Angeles,North,PRD331,Christmas Party Wear,Clothing,Festive,CUST1825,December Shopper AAAA1,Consumer,Emily Johnson,3,4500,8,12420,9500,2920,Card
ORD806,12/10/2024,ST002,Los Angeles,North,PRD332,Santa Claus Costume,Clothing,Costumes,CUST1826,December Shopper BBBB1,Consumer,Emily Johnson,2,1800,0,3600,2700,900,Cash
ORD807,12/11/2024,ST003,Chicago,South,PRD425,Year End Electronics,Electronics,Sale,CUST1827,December Shopper CCCC1,Consumer,Michael Brown,2,42000,10,75600,58000,17600,Card
ORD808,12/11/2024,ST003,Chicago,South,PRD426,New Year Tech Gifts,Electronics,Gifts,CUST1828,December Shopper DDDD1,Consumer,Michael Brown,3,15000,5,42750,33000,9750,Online
ORD801,12/13/2024,ST001,New York,West,PRD235,Christmas Week Sale,Electronics,Festive,CUST1829,Christmas Buyer A,Consumer,John Smith,3,28000,12,73920,57000,16920,Card
ORD802,12/13/2024,ST001,New York,West,PRD236,New Year TV Offer,Electronics,Televisions,CUST1830,New Year Buyer B,Consumer,John Smith,2,45000,10,81000,62000,19000,Online
ORD803,12/14/2024,ST002,Los Angeles,North,PRD333,Christmas Sweater,Clothing,Winter Wear,CUST1831,Christmas Buyer C,Consumer,Emily Johnson,4,2500,5,9500,7200,2300,Card
ORD804,12/14/2024,ST002,Los Angeles,North,PRD334,Party Wear Dress,Clothing,Festive,CUST1832,Party Buyer D,Consumer,Emily Johnson,3,3800,8,10488,8000,2488,Cash
ORD805,12/15/2024,ST003,Chicago,South,PRD427,Christmas Gaming Console,Electronics,Gaming,CUST1833,Gamer E,Consumer,Michael Brown,2,45000,8,82800,64000,18800,Card
ORD806,12/15/2024,ST003,Chicago,South,PRD428,VR Headset Gift,Electronics,Gaming,CUST1834,Gamer F,Consumer,Michael Brown,1,32000,5,30400,23500,6900,Online
ORD807,12/16/2024,ST004,Houston,East,PRD627,Christmas Dinner Set,Furniture,Dining,CUST1835,Party Host G,Consumer,Jessica Davis,2,15000,8,27600,21000,6600,Card
ORD808,12/16/2024,ST004,Houston,East,PRD628,Folding Table for Party,Furniture,Tables,CUST1836,Party Host H,Consumer,Jessica Davis,4,3500,0,14000,10700,3300,Cash
ORD809,12/17/2024,ST005,Houston,South,PRD623,Christmas Cake Pack,Furniture,Bakery,CUST1837,Foodie I,Consumer,David Wilson,5,850,0,4250,3200,1050,Card
ORD810,12/17/2024,ST005,Houston,South,PRD624,Party Snacks Combo,Furniture,Snacks,CUST1838,Party Host J,Consumer,David Wilson,8,450,5,3420,2600,820,Online
ORD811,12/18/2024,ST006,Houston,West,PRD701,Christmas Sports Kit,Sports,Gifts,CUST1839,Fitness K,Consumer,Daniel Miller,3,3500,5,9975,7600,2375,Card
ORD812,12/18/2024,ST006,Houston,West,PRD702,New Year Marathon Prep,Sports,Fitness,CUST1840,Runner L,Consumer,Daniel Miller,2,5500,0,11000,8400,2600,Online
ORD813,12/19/2024,ST007,Houston,East,PRD629,Christmas Home Decor,Furniture,Decor,CUST1841,Decorator M,Consumer,Jessica Davis,4,2800,8,10304,7900,2404,Card
ORD814,12/19/2024,ST007,Houston,East,PRD630,New Year Lights,Electronics,Decor,CUST1842,Decorator N,Consumer,Jessica Davis,6,1200,5,6840,5200,1640,Cash
ORD815,12/20/2024,ST008,Houston,East,PRD631,Christmas Tree Deluxe,Furniture,Festive,CUST1843,Celebrator O,Consumer,Jessica Davis,2,8500,0,17000,13000,4000,Card
ORD816,12/20/2024,ST008,Houston,East,PRD632,Ornaments Set,Other,Decor,CUST1844,Celebrator P,Consumer,Jessica Davis,5,1500,0,7500,5700,1800,Online
ORD817,12/21/2024,ST001,New York,West,PRD237,Last Minute Christmas Gifts,Electronics,Gifts,CUST1845,Last Minute Q,Consumer,John Smith,3,12000,8,33120,25500,7620,Card
ORD818,12/21/2024,ST001,New York,West,PRD238,Gift Vouchers Bulk,Electronics,Gifts,CUST1846,Corporate R,Corporate,John Smith,10,5000,5,47500,36000,11500,Online
ORD819,12/22/2024,ST002,Los Angeles,North,PRD335,Christmas Family Dress,Clothing,Family,CUST1847,Family S,Consumer,Emily Johnson,5,3200,10,14400,11000,3400,Card
ORD820,12/22/2024,ST002,Los Angeles,North,PRD336,Kids Christmas Wear,Clothing,Kids,CUST1848,Family T,Consumer,Emily Johnson,4,1800,5,6840,5200,1640,Cash
ORD821,12/23/2024,ST003,Chicago,South,PRD429,Christmas Eve Special,Electronics,Festive,CUST1849,Late Shopper U,Consumer,Michael Brown,2,25000,12,44000,34000,10000,Card
ORD822,12/23/2024,ST003,Chicago,South,PRD430,Power Bank Gift Set,Electronics,Accessories,CUST1850,Gift Giver V,Consumer,Michael Brown,4,2000,0,8000,6100,1900,Online
ORD823,12/24/2024,ST004,Houston,East,PRD633,Christmas Eve Furniture,Furniture,Gifts,CUST1851,Home Maker W,Consumer,Jessica Davis,2,18000,8,33120,25500,7620,Card
ORD824,12/24/2024,ST004,Houston,East,PRD634,Sofa Cover Gift,Furniture,Protection,CUST1852,Home Maker X,Consumer,Jessica Davis,3,2500,5,7125,5400,1725,Cash
ORD825,12/25/2024,ST001,New York,West,PRD239,Merry Christmas Sale,Electronics,Festive,CUST1853,Christmas Day Y,Consumer,John Smith,3,22000,15,56100,43000,13100,Card
ORD826,12/25/2024,ST001,New York,West,PRD240,Post-Christmas Offer,Electronics,Sale,CUST1854,Boxing Day Z,Consumer,John Smith,2,35000,12,61600,47000,14600,Online
ORD827,12/26/2024,ST002,Los Angeles,North,PRD337,Boxing Day Sale,Clothing,Sale,CUST1855,Sale Shopper AA,Consumer,Emily Johnson,5,2800,20,11200,8500,2700,Card
ORD828,12/26/2024,ST002,Los Angeles,North,PRD338,Winter Clearance,Clothing,Sale,CUST1856,Sale Shopper BB,Consumer,Emily Johnson,4,3500,15,11900,9100,2800,Cash
ORD829,12/27/2024,ST003,Chicago,South,PRD431,Year End Clearance,Electronics,Sale,CUST1857,Clearance CC,Consumer,Michael Brown,2,32000,18,52480,40000,12480,Card
ORD830,12/27/2024,ST003,Chicago,South,PRD432,Stock Clearance Sale,Electronics,Sale,CUST1858,Clearance DD,Consumer,Michael Brown,3,15000,15,38250,29000,9250,Online
ORD831,12/28/2024,ST004,Houston,East,PRD635,Year End Furniture Sale,Furniture,Sale,CUST1859,Clearance EE,Consumer,Jessica Davis,2,28000,15,47600,36000,11600,Card
ORD832,12/28/2024,ST004,Houston,East,PRD636,Last Chance Offer,Furniture,Sale,CUST1860,Clearance FF,Consumer,Jessica Davis,3,12000,12,31680,24000,7680,Cash
ORD833,12/29/2024,ST005,Houston,South,PRD625,New Year Grocery Pack,Furniture,Festive,CUST1861,New Year GG,Consumer,David Wilson,6,1500,5,8550,6500,2050,Card
ORD834,12/29/2024,ST005,Houston,South,PRD626,Party Snacks Bulk,Furniture,Snacks,CUST1862,Party HH,Consumer,David Wilson,8,800,0,6400,4900,1500,Online
ORD835,12/30/2024,ST006,Houston,West,PRD703,New Year Resolution Kit,Sports,Fitness,CUST1863,Resolution II,Consumer,Daniel Miller,3,3500,8,9660,7400,2260,Card
ORD836,12/30/2024,ST006,Houston,West,PRD704,Fitness Tracker,Sports,Wearables,CUST1864,Resolution JJ,Consumer,Daniel Miller,2,4500,5,8550,6500,2050,Online
ORD837,12/31/2024,ST001,New York,West,PRD241,New Year Eve Special,Electronics,Festive,CUST1865,Party KK,Consumer,John Smith,4,15000,8,55200,42000,13200,Card
ORD838,12/31/2024,ST001,New York,West,PRD242,Party Speaker System,Electronics,Audio,CUST1866,Party LL,Consumer,John Smith,2,25000,5,47500,36000,11500,Online
ORD839,1/1/2025,ST001,New York,West,PRD243,New Year Day Sale,Electronics,Sale,CUST1867,New Year MM,Consumer,John Smith,3,18000,10,48600,37000,11600,Card
ORD840,1/1/2025,ST001,New York,West,PRD244,2025 New Arrivals,Electronics,New,CUST1868,Early Bird NN,Consumer,John Smith,2,32000,5,60800,46000,14800,Online
ORD841,1/2/2025,ST002,Los Angeles,North,PRD339,New Year Clothing Sale,Clothing,Sale,CUST1869,New Year OO,Consumer,Emily Johnson,4,2800,8,10304,7800,2504,Card
ORD842,1/2/2025,ST002,Los Angeles,North,PRD340,Winter Wear Sale,Clothing,Winter Wear,CUST1870,Winter PP,Consumer,Emily Johnson,3,3500,5,9975,7600,2375,Cash
ORD843,1/3/2025,ST003,Chicago,South,PRD433,2025 Tech Deals,Electronics,Sale,CUST1871,Tech QQ,Consumer,Michael Brown,2,42000,8,77280,59000,18280,Card
ORD844,1/3/2025,ST003,Chicago,South,PRD434,New Year Gadgets,Electronics,Gifts,CUST1872,Tech RR,Consumer,Michael Brown,3,15000,5,42750,33000,9750,Online
ORD845,1/4/2025,ST004,Houston,East,PRD637,New Year Home Makeover,Furniture,All,CUST1873,Home SS,Consumer,Jessica Davis,2,25000,8,46000,35000,11000,Card
ORD846,1/4/2025,ST004,Houston,East,PRD638,Fresh Start Furniture,Furniture,All,CUST1874,Home TT,Consumer,Jessica Davis,3,12000,5,34200,26000,8200,Cash
ORD847,1/5/2025,ST005,Houston,South,PRD627,New Year Healthy Start,Furniture,Health,CUST1875,Health UU,Consumer,David Wilson,5,1200,0,6000,4600,1400,Card
ORD848,1/5/2025,ST005,Houston,South,PRD628,Organic Food Pack,Furniture,Organic,CUST1876,Health VV,Consumer,David Wilson,4,1500,5,5700,4300,1400,Online
ORD849,1/6/2025,ST006,Houston,West,PRD705,New Year Fitness Goal,Sports,Fitness,CUST1877,Fitness WW,Consumer,Daniel Miller,3,3500,8,9660,7400,2260,Card
ORD850,1/6/2025,ST006,Houston,West,PRD706,Gym Starter Kit,Sports,Fitness,CUST1878,Fitness XX,Consumer,Daniel Miller,2,5500,5,10450,8000,2450,Online
ORD851,1/7/2025,ST007,Houston,East,PRD639,Winter Home Decor,Furniture,Decor,CUST1879,Decor YY,Consumer,Jessica Davis,4,2800,0,11200,8500,2700,Card
ORD852,1/7/2025,ST007,Houston,East,PRD640,Cozy Furniture,Furniture,Seating,CUST1880,Comfort ZZ,Consumer,Jessica Davis,2,15000,5,28500,22000,6500,Cash
ORD853,1/8/2025,ST008,Houston,East,PRD641,Makar Sankranti Prep,Furniture,Festive,CUST1881,Festival AAA,Consumer,Jessica Davis,3,8500,8,23460,18000,5460,Card
ORD854,1/8/2025,ST008,Houston,East,PRD642,Kite Flying Accessories,Other,Festive,CUST1882,Festival BBB,Consumer,Jessica Davis,10,500,0,5000,3800,1200,Online
ORD855,1/9/2025,ST001,New York,West,PRD245,Makar Sankranti Special,Electronics,Festive,CUST1883,Festival CCC,Consumer,John Smith,2,15000,5,28500,22000,6500,Card
ORD856,1/9/2025,ST001,New York,West,PRD246,Drone for Kite Flying,Electronics,Gadgets,CUST1884,Festival DDD,Consumer,John Smith,1,8500,0,8500,6500,2000,Online
ORD857,1/10/2025,ST002,Los Angeles,North,PRD341,Lohri Special,Clothing,Festive,CUST1885,Lohri EEE,Consumer,Emily Johnson,3,4500,8,12420,9500,2920,Card
ORD858,1/10/2025,ST002,Los Angeles,North,PRD342,Punjabi Suit,Clothing,Ethnic Wear,CUST1886,Lohri FFF,Consumer,Emily Johnson,2,5500,5,10450,8000,2450,Cash
ORD859,1/11/2025,ST003,Chicago,South,PRD435,Pongal Sale Starts,Electronics,Festive,CUST1887,Pongal GGG,Consumer,Michael Brown,3,22000,10,59400,45000,14400,Card
ORD860,1/11/2025,ST003,Chicago,South,PRD436,Harvest Festival Offer,Electronics,Festive,CUST1888,Pongal HHH,Consumer,Michael Brown,2,32000,8,58880,45000,13880,Online
ORD861,1/12/2025,ST004,Houston,East,PRD643,Pongal Special,Furniture,Festive,CUST1889,Pongal III,Consumer,Jessica Davis,2,18000,5,34200,26000,8200,Card
ORD862,1/12/2025,ST004,Houston,East,PRD644,Traditional Decor,Furniture,Decor,CUST1890,Pongal JJJ,Consumer,Jessica Davis,4,3500,0,14000,10700,3300,Cash
ORD863,1/13/2025,ST005,Houston,South,PRD629,Pongal Sweets Pack,Furniture,Sweets,CUST1891,Pongal KKK,Consumer,David Wilson,6,850,0,5100,3900,1200,Card
ORD864,1/13/2025,ST005,Houston,South,PRD630,Pongal Special Rice,Furniture,Grains,CUST1892,Pongal LLL,Consumer,David Wilson,5,450,0,2250,1700,550,Online
ORD865,1/14/2025,ST006,Houston,West,PRD707,Pongal Sports Offer,Sports,Festive,CUST1893,Pongal MMM,Consumer,Daniel Miller,3,2800,5,7980,6100,1880,Card
ORD866,1/14/2025,ST006,Houston,West,PRD708,Traditional Games,Sports,Equipment,CUST1894,Pongal NNN,Consumer,Daniel Miller,4,1200,0,4800,3600,1200,Online
ORD867,1/15/2025,ST001,New York,West,PRD247,Republic Day Preview,Electronics,Sale,CUST1895,Early OOO,Consumer,John Smith,2,25000,8,46000,35000,11000,Card
ORD868,1/15/2025,ST001,New York,West,PRD248,January End Sale,Electronics,Sale,CUST1896,Shopper PPP,Consumer,John Smith,3,15000,10,40500,31000,9500,Online
ORD869,1/16/2025,ST002,Los Angeles,North,PRD343,Winter Clearance End,Clothing,Sale,CUST1897,Clearance QQQ,Consumer,Emily Johnson,5,2200,15,9350,7100,2250,Card
ORD870,1/16/2025,ST002,Los Angeles,North,PRD344,Last Winter Stock,Clothing,Sale,CUST1898,Clearance RRR,Consumer,Emily Johnson,4,2800,12,9856,7500,2356,Cash
ORD871,1/17/2025,ST003,Chicago,South,PRD437,Tech Republic Day,Electronics,Sale,CUST1899,Tech SSS,Consumer,Michael Brown,2,35000,8,64400,49000,15400,Card
ORD872,1/17/2025,ST003,Chicago,South,PRD438,National Sale,Electronics,Sale,CUST1900,Shopper TTT,Consumer,Michael Brown,3,18000,5,51300,39000,12300,Online
ORD873,1/18/2025,ST004,Houston,East,PRD645,Republic Day Furniture,Furniture,Sale,CUST1901,Shopper UUU,Consumer,Jessica Davis,2,22000,10,39600,30000,9600,Card
ORD874,1/18/2025,ST004,Houston,East,PRD646,Home Office Setup,Furniture,Office,CUST1902,WFH VVV,Home Office,Jessica Davis,3,12000,8,33120,25000,8120,Cash
ORD875,1/19/2025,ST005,Houston,South,PRD631,Republic Day Grocery,Furniture,Sale,CUST1903,Shopper WWW,Consumer,David Wilson,5,1200,5,5700,4300,1400,Card
ORD876,1/19/2025,ST005,Houston,South,PRD632,Special Packs,Furniture,Offers,CUST1904,Shopper XXX,Consumer,David Wilson,4,1500,0,6000,4600,1400,Online
ORD877,1/20/2025,ST006,Houston,West,PRD709,Republic Day Sports,Sports,Sale,CUST1905,Fitness YYY,Consumer,Daniel Miller,3,3500,8,9660,7400,2260,Card
ORD878,1/20/2025,ST006,Houston,West,PRD710,Sports Equipment Sale,Sports,Equipment,CUST1906,Fitness ZZZ,Consumer,Daniel Miller,2,5500,5,10450,8000,2450,Online
ORD879,1/21/2025,ST007,Houston,East,PRD647,Saraswati Puja Prep,Furniture,Festive,CUST1907,Student AAAA,Consumer,Jessica Davis,3,8500,5,24225,18500,5725,Card
ORD880,1/21/2025,ST007,Houston,East,PRD648,Puja Accessories,Other,Religious,CUST1908,Student BBBB,Consumer,Jessica Davis,4,1500,0,6000,4600,1400,Cash
ORD881,1/22/2025,ST008,Houston,East,PRD649,Vasant Panchami Special,Furniture,Festive,CUST1909,Festival CCCC,Consumer,Jessica Davis,2,12000,8,22080,17000,5080,Card
ORD882,1/22/2025,ST008,Houston,East,PRD650,Yellow Theme Decor,Furniture,Decor,CUST1910,Festival DDDD,Consumer,Jessica Davis,5,1800,5,8550,6500,2050,Online
ORD883,1/23/2025,ST001,New York,West,PRD249,Republic Day Weekend,Electronics,Sale,CUST1911,Weekend EEEE,Consumer,John Smith,2,28000,10,50400,38000,12400,Card
ORD884,1/23/2025,ST001,New York,West,PRD250,Mobile Offer,Electronics,Smartphones,CUST1912,Shopper FFFF,Consumer,John Smith,3,22000,8,60720,46000,14720,Online
ORD885,1/24/2025,ST002,Los Angeles,North,PRD345,Republic Day Fashion,Clothing,Sale,CUST1913,Fashion GGGG,Consumer,Emily Johnson,4,3200,8,11776,9000,2776,Card
ORD886,1/24/2025,ST002,Los Angeles,North,PRD346,Ethnic Wear Sale,Clothing,Ethnic Wear,CUST1914,Fashion HHHH,Consumer,Emily Johnson,3,4500,5,12825,9800,3025,Cash
ORD887,1/25/2025,ST003,Chicago,South,PRD439,Republic Day Tech,Electronics,Sale,CUST1915,Tech IIII,Consumer,Michael Brown,2,42000,8,77280,59000,18280,Card
ORD888,1/25/2025,ST003,Chicago,South,PRD440,Laptop Republic Day,Electronics,Computers,CUST1916,Tech JJJJ,Consumer,Michael Brown,1,65000,10,58500,45000,13500,Online
ORD889,1/26/2025,ST001,New York,West,PRD251,Republic Day Special,Electronics,Festive,CUST1917,Patriot KKKK,Consumer,John Smith,3,15000,12,39600,30000,9600,Card
ORD890,1/26/2025,ST001,New York,West,PRD252,26th January Offer,Electronics,Sale,CUST1918,Patriot LLLL,Consumer,John Smith,2,32000,15,54400,41000,13400,Online
ORD891,1/27/2025,ST002,Los Angeles,North,PRD347,Post-Republic Day Sale,Clothing,Sale,CUST1919,Shopper MMMM,Consumer,Emily Johnson,5,2200,12,9680,7400,2280,Card
ORD892,1/27/2025,ST002,Los Angeles,North,PRD348,Clearance Stock,Clothing,Sale,CUST1920,Shopper NNNN,Consumer,Emily Johnson,4,2800,10,10080,7700,2380,Cash
ORD893,1/28/2025,ST003,Chicago,South,PRD441,January End Clearance,Electronics,Sale,CUST1921,Clearance OOOO,Consumer,Michael Brown,2,25000,15,42500,32000,10500,Card
ORD894,1/28/2025,ST003,Chicago,South,PRD442,Last Chance Deals,Electronics,Sale,CUST1922,Clearance PPPP,Consumer,Michael Brown,3,12000,12,31680,24000,7680,Online
ORD895,1/29/2025,ST004,Houston,East,PRD651,January Furniture Sale,Furniture,Sale,CUST1923,Home QQQQ,Consumer,Jessica Davis,2,18000,10,32400,25000,7400,Card
ORD896,1/29/2025,ST004,Houston,East,PRD652,Winter Collection Sale,Furniture,All,CUST1924,Home RRRR,Consumer,Jessica Davis,3,8500,8,23460,18000,5460,Cash
ORD897,1/30/2025,ST005,Houston,South,PRD633,January Grocery Sale,Furniture,Sale,CUST1925,Shopper SSSS,Consumer,David Wilson,6,800,5,4560,3500,1060,Card
ORD898,1/30/2025,ST005,Houston,South,PRD634,Month End Offers,Furniture,Sale,CUST1926,Shopper TTTT,Consumer,David Wilson,5,1200,0,6000,4600,1400,Online
ORD899,1/31/2025,ST006,Houston,West,PRD711,January Sports Sale,Sports,Sale,CUST1927,Fitness UUUU,Consumer,Daniel Miller,3,2800,8,7728,5900,1828,Card
ORD900,1/31/2025,ST006,Houston,West,PRD712,Month End Fitness,Sports,Fitness,CUST1928,Fitness VVVV,Consumer,Daniel Miller,2,4500,5,8550,6500,2050,Online
ORD901,2/1/2025,ST001,New York,West,PRD253,February Month Start,Electronics,New,CUST1929,Early WWWW,Consumer,John Smith,2,22000,5,41800,32000,9800,Card
ORD902,2/1/2025,ST001,New York,West,PRD254,New Month Offers,Electronics,Sale,CUST1930,Shopper XXXX,Consumer,John Smith,3,15000,8,41400,32000,9400,Online
ORD903,2/2/2025,ST002,Los Angeles,North,PRD349,Basant Panchami Special,Clothing,Festive,CUST1931,Festival YYYY,Consumer,Emily Johnson,4,3200,5,12160,9300,2860,Card
ORD904,2/2/2025,ST002,Los Angeles,North,PRD350,Spring Collection,Clothing,Seasonal,CUST1932,Fashion ZZZZ,Consumer,Emily Johnson,3,3800,0,11400,8700,2700,Cash
ORD905,2/3/2025,ST003,Chicago,South,PRD443,Valentine's Day Preview,Electronics,Gifts,CUST1933,Love AAAA1,Consumer,Michael Brown,2,18000,5,34200,26000,8200,Card
ORD906,2/3/2025,ST003,Chicago,South,PRD444,Gift Ideas,Electronics,Gifts,CUST1934,Love BBBB1,Consumer,Michael Brown,3,8500,0,25500,19500,6000,Online
ORD907,2/4/2025,ST004,Houston,East,PRD653,Valentine's Day Furniture,Furniture,Gifts,CUST1935,Love CCCC1,Consumer,Jessica Davis,2,15000,8,27600,21000,6600,Card
ORD908,2/4/2025,ST004,Houston,East,PRD654,Romantic Home Decor,Furniture,Decor,CUST1936,Love DDDD1,Consumer,Jessica Davis,4,3500,5,13300,10000,3300,Cash
ORD909,2/5/2025,ST005,Houston,South,PRD635,Valentine's Day Sweets,Furniture,Gifts,CUST1937,Love EEEE1,Consumer,David Wilson,3,850,0,2550,1900,650,Card
ORD910,2/5/2025,ST005,Houston,South,PRD636,Chocolate Hamper,Furniture,Gifts,CUST1938,Love FFFF1,Consumer,David Wilson,2,1500,0,3000,2300,700,Online
ORD901,2/7/2025,ST001,New York,West,PRD255,Valentine's Week Sale,Electronics,Gifts,CUST1940,Valentine A,Consumer,John Smith,3,15000,8,41400,32000,9400,Card
ORD902,2/7/2025,ST001,New York,West,PRD256,Smart Watch Valentine,Electronics,Wearables,CUST1941,Valentine B,Consumer,John Smith,2,18000,5,34200,26000,8200,Online
ORD903,2/8/2025,ST002,Los Angeles,North,PRD351,Valentine's Day Dress,Clothing,Women's Wear,CUST1942,Valentine C,Consumer,Emily Johnson,2,4500,8,8280,6300,1980,Card
ORD904,2/8/2025,ST002,Los Angeles,North,PRD352,Couple T-Shirts,Clothing,Couples,CUST1943,Valentine D,Consumer,Emily Johnson,4,1800,5,6840,5200,1640,Cash
ORD905,2/9/2025,ST003,Chicago,South,PRD445,Valentine's Day Special,Electronics,Gifts,CUST1944,Valentine E,Consumer,Michael Brown,2,22000,10,39600,30000,9600,Card
ORD906,2/9/2025,ST003,Chicago,South,PRD446,Perfume Gift Set,Electronics,Gifts,CUST1945,Valentine F,Consumer,Michael Brown,3,3500,0,10500,8000,2500,Online
ORD907,2/10/2025,ST004,Houston,East,PRD655,Valentine Home Decor,Furniture,Decor,CUST1946,Valentine G,Consumer,Jessica Davis,2,8500,5,16150,12400,3750,Card
ORD908,2/10/2025,ST004,Houston,East,PRD656,Photo Frame Set,Furniture,Decor,CUST1947,Valentine H,Consumer,Jessica Davis,4,1200,0,4800,3600,1200,Cash
ORD909,2/11/2025,ST005,Houston,South,PRD637,Valentine Chocolates,Furniture,Gifts,CUST1948,Valentine I,Consumer,David Wilson,5,650,0,3250,2500,750,Card
ORD910,2/11/2025,ST005,Houston,South,PRD638,Cake Special,Furniture,Bakery,CUST1949,Valentine J,Consumer,David Wilson,3,850,5,2422,1850,572,Online
ORD911,2/12/2025,ST006,Houston,West,PRD714,Valentine Sports Kit,Sports,Gifts,CUST1950,Valentine K,Consumer,Daniel Miller,2,3500,5,6650,5000,1650,Card
ORD912,2/12/2025,ST006,Houston,West,PRD715,Fitness Band Gift,Sports,Wearables,CUST1951,Valentine L,Consumer,Daniel Miller,1,4500,0,4500,3400,1100,Online
ORD913,2/13/2025,ST007,Houston,East,PRD657,Last Minute Valentine,Furniture,Gifts,CUST1952,Valentine M,Consumer,Jessica Davis,2,12000,8,22080,17000,5080,Card
ORD914,2/13/2025,ST007,Houston,East,PRD658,Cushion Set Gift,Furniture,Decor,CUST1953,Valentine N,Consumer,Jessica Davis,3,1800,5,5130,3900,1230,Cash
ORD915,2/14/2025,ST001,New York,West,PRD257,Valentine's Day Special,Electronics,Gifts,CUST1954,Valentine O,Consumer,John Smith,4,12000,12,42240,32000,10240,Card
ORD916,2/14/2025,ST001,New York,West,PRD258,Roses Day Offer,Electronics,Gifts,CUST1955,Valentine P,Consumer,John Smith,2,25000,8,46000,35000,11000,Online
ORD917,2/15/2025,ST002,Los Angeles,North,PRD353,Post-Valentine Sale,Clothing,Sale,CUST1956,Shopper Q,Consumer,Emily Johnson,3,2800,15,7140,5400,1740,Card
ORD918,2/15/2025,ST002,Los Angeles,North,PRD354,Clearance Stock,Clothing,Sale,CUST1957,Shopper R,Consumer,Emily Johnson,4,2200,12,7744,5900,1844,Cash
ORD919,2/16/2025,ST003,Chicago,South,PRD447,February End Sale,Electronics,Sale,CUST1958,Shopper S,Consumer,Michael Brown,2,32000,10,57600,44000,13600,Card
ORD920,2/16/2025,ST003,Chicago,South,PRD448,Stock Clearance,Electronics,Sale,CUST1959,Shopper T,Consumer,Michael Brown,3,15000,8,41400,32000,9400,Online
ORD921,2/17/2025,ST004,Houston,East,PRD659,Maha Shivratri Prep,Furniture,Festive,CUST1960,Devotee U,Consumer,Jessica Davis,2,18000,5,34200,26000,8200,Card
ORD922,2/17/2025,ST004,Houston,East,PRD660,Pooja Room Items,Other,Religious,CUST1961,Devotee V,Consumer,Jessica Davis,4,2500,0,10000,7600,2400,Cash
ORD923,2/18/2025,ST005,Houston,South,PRD639,Maha Shivratri Fasting,Furniture,Fasting,CUST1962,Devotee W,Consumer,David Wilson,5,1200,0,6000,4600,1400,Card
ORD924,2/18/2025,ST005,Houston,South,PRD640,Fruits Special,Furniture,Fruits,CUST1963,Devotee X,Consumer,David Wilson,4,650,0,2600,2000,600,Online
ORD925,2/19/2025,ST006,Houston,West,PRD716,Maha Shivratri Offer,Sports,Events,CUST1964,Devotee Y,Consumer,Daniel Miller,3,2200,5,6270,4800,1470,Card
ORD926,2/19/2025,ST006,Houston,West,PRD717,Yoga Special,Sports,Yoga,CUST1965,Devotee Z,Consumer,Daniel Miller,2,2800,0,5600,4300,1300,Online
ORD927,2/20/2025,ST007,Houston,East,PRD661,Holi Preview,Furniture,Festive,CUST1966,Holi Lover AA,Consumer,Jessica Davis,3,8500,8,23460,18000,5460,Card
ORD928,2/20/2025,ST007,Houston,East,PRD662,Color Festival Prep,Other,Festive,CUST1967,Holi Lover BB,Consumer,Jessica Davis,5,1500,5,7125,5400,1725,Cash
ORD929,2/21/2025,ST008,Houston,East,PRD663,Holi Special Furniture,Furniture,Festive,CUST1968,Holi Lover CC,Consumer,Jessica Davis,2,12000,5,22800,17500,5300,Card
ORD930,2/21/2025,ST008,Houston,East,PRD664,Outdoor Seating,Furniture,Outdoor,CUST1969,Holi Lover DD,Consumer,Jessica Davis,4,3500,0,14000,10700,3300,Online
ORD931,2/22/2025,ST001,New York,West,PRD259,Holi Electronics,Electronics,Festive,CUST1970,Holi Lover EE,Consumer,John Smith,3,15000,8,41400,32000,9400,Card
ORD932,2/22/2025,ST001,New York,West,PRD260,Party Speaker,Electronics,Audio,CUST1971,Holi Lover FF,Consumer,John Smith,2,8500,5,16150,12400,3750,Online
ORD933,2/23/2025,ST002,Los Angeles,North,PRD355,Holi Ethnic Wear,Clothing,Festive,CUST1972,Holi Lover GG,Consumer,Emily Johnson,4,3200,8,11776,9000,2776,Card
ORD934,2/23/2025,ST002,Los Angeles,North,PRD356,White Holi Dress,Clothing,Casual Wear,CUST1973,Holi Lover HH,Consumer,Emily Johnson,3,1800,5,5130,3900,1230,Cash
ORD935,2/24/2025,ST003,Chicago,South,PRD449,Holi Gadgets,Electronics,Festive,CUST1974,Holi Lover II,Consumer,Michael Brown,2,22000,5,41800,32000,9800,Card
ORD936,2/24/2025,ST003,Chicago,South,PRD450,Waterproof Speakers,Electronics,Audio,CUST1975,Holi Lover JJ,Consumer,Michael Brown,3,5500,0,16500,12600,3900,Online
ORD937,2/25/2025,ST004,Houston,East,PRD665,Holi Gulal Pack,Other,Festive,CUST1976,Holi Lover KK,Consumer,Jessica Davis,10,350,0,3500,2600,900,Card
ORD938,2/25/2025,ST004,Houston,East,PRD666,Pichkari Set,Other,Festive,CUST1977,Holi Lover LL,Consumer,Jessica Davis,5,500,0,2500,1900,600,Cash
ORD939,2/26/2025,ST005,Houston,South,PRD641,Holi Sweets Pack,Furniture,Sweets,CUST1978,Holi Lover MM,Consumer,David Wilson,4,850,0,3400,2600,800,Card
ORD940,2/26/2025,ST005,Houston,South,PRD642,Thandai Special,Furniture,Beverages,CUST1979,Holi Lover NN,Consumer,David Wilson,6,450,0,2700,2000,700,Online
ORD941,2/27/2025,ST006,Houston,West,PRD718,Holi Sports Kit,Sports,Festive,CUST1980,Holi Lover OO,Consumer,Daniel Miller,3,2800,5,7980,6100,1880,Card
ORD942,2/27/2025,ST006,Houston,West,PRD719,Outdoor Games,Sports,Equipment,CUST1981,Holi Lover PP,Consumer,Daniel Miller,4,1500,0,6000,4600,1400,Online
ORD943,2/28/2025,ST007,Houston,East,PRD667,Holi Celebration Pack,Furniture,Festive,CUST1982,Holi Lover QQ,Consumer,Jessica Davis,2,12000,8,22080,17000,5080,Card
ORD944,2/28/2025,ST007,Houston,East,PRD668,Festival Furniture,Furniture,All,CUST1983,Holi Lover RR,Consumer,Jessica Davis,3,8500,5,24225,18500,5725,Cash
ORD945,3/1/2025,ST001,New York,West,PRD261,Holi Dhamaka Sale,Electronics,Festive,CUST1984,Holi Lover SS,Consumer,John Smith,4,12000,10,43200,33000,10200,Card
ORD946,3/1/2025,ST001,New York,West,PRD262,Holi Special Offers,Electronics,Sale,CUST1985,Holi Lover TT,Consumer,John Smith,2,28000,8,51520,39000,12520,Online
ORD947,3/2/2025,ST002,Los Angeles,North,PRD357,Holi Party Wear,Clothing,Festive,CUST1986,Holi Lover UU,Consumer,Emily Johnson,3,3800,5,10830,8300,2530,Card
ORD948,3/2/2025,ST002,Los Angeles,North,PRD358,Holi Special Collection,Clothing,All,CUST1987,Holi Lover VV,Consumer,Emily Johnson,4,2800,0,11200,8500,2700,Cash
ORD949,3/3/2025,ST003,Chicago,South,PRD451,Holi Tech Sale,Electronics,Sale,CUST1988,Holi Lover WW,Consumer,Michael Brown,2,32000,10,57600,44000,13600,Card
ORD950,3/3/2025,ST003,Chicago,South,PRD452,Camera Holi Special,Electronics,Cameras,CUST1989,Holi Lover XX,Consumer,Michael Brown,1,45000,5,42750,33000,9750,Online
ORD951,3/4/2025,ST004,Houston,East,PRD669,Holi Furniture Sale,Furniture,Sale,CUST1990,Holi Lover YY,Consumer,Jessica Davis,2,22000,8,40480,31000,9480,Card
ORD952,3/4/2025,ST004,Houston,East,PRD670,Outdoor Furniture,Furniture,Outdoor,CUST1991,Holi Lover ZZ,Consumer,Jessica Davis,3,12000,5,34200,26000,8200,Cash
ORD953,3/5/2025,ST005,Houston,South,PRD643,Holi Grocery Pack,Furniture,Festive,CUST1992,Holi Lover AAA,Consumer,David Wilson,5,1500,0,7500,5700,1800,Card
ORD954,3/5/2025,ST005,Houston,South,PRD644,Festival Specials,Furniture,Offers,CUST1993,Holi Lover BBB,Consumer,David Wilson,4,1200,5,4560,3500,1060,Online
ORD955,3/6/2025,ST006,Houston,West,PRD720,Holi Sports Sale,Sports,Sale,CUST1994,Holi Lover CCC,Consumer,Daniel Miller,3,3500,8,9660,7400,2260,Card
ORD956,3/6/2025,ST006,Houston,West,PRD721,Sports Equipment,Sports,Equipment,CUST1995,Holi Lover DDD,Consumer,Daniel Miller,2,5500,5,10450,8000,2450,Online
ORD957,3/7/2025,ST007,Houston,East,PRD671,Women's Day Special,Furniture,Gifts,CUST1996,Women's Day EEE,Consumer,Jessica Davis,2,15000,8,27600,21000,6600,Card
ORD958,3/7/2025,ST007,Houston,East,PRD672,Home Decor Gift,Furniture,Decor,CUST1997,Women's Day FFF,Consumer,Jessica Davis,3,5500,5,15675,12000,3675,Cash
ORD959,3/8/2025,ST001,New York,West,PRD263,Women's Day Electronics,Electronics,Gifts,CUST1998,Women's Day GGG,Consumer,John Smith,2,18000,5,34200,26000,8200,Card
ORD960,3/8/2025,ST001,New York,West,PRD264,Smart Watch Women,Electronics,Wearables,CUST1999,Women's Day HHH,Consumer,John Smith,1,22000,0,22000,17000,5000,Online
ORD961,3/9/2025,ST002,Los Angeles,North,PRD359,Women's Day Clothing,Clothing,Women's Wear,CUST2000,Women's Day III,Consumer,Emily Johnson,3,4500,8,12420,9500,2920,Card
ORD962,3/9/2025,ST002,Los Angeles,North,PRD360,Saree Special,Clothing,Ethnic Wear,CUST2001,Women's Day JJJ,Consumer,Emily Johnson,2,5500,5,10450,8000,2450,Cash
ORD963,3/10/2025,ST003,Chicago,South,PRD453,Women's Day Gadgets,Electronics,Gifts,CUST2002,Women's Day KKK,Consumer,Michael Brown,2,15000,5,28500,22000,6500,Card
ORD964,3/10/2025,ST003,Chicago,South,PRD454,Fitness Band Women,Electronics,Wearables,CUST2003,Women's Day LLL,Consumer,Michael Brown,3,4500,0,13500,10300,3200,Online
ORD965,3/11/2025,ST004,Houston,East,PRD673,Women's Day Furniture,Furniture,Gifts,CUST2004,Women's Day MMM,Consumer,Jessica Davis,2,12000,8,22080,17000,5080,Card
ORD966,3/11/2025,ST004,Houston,East,PRD674,Vanity Table,Furniture,Bedroom,CUST2005,Women's Day NNN,Consumer,Jessica Davis,1,8500,5,8075,6200,1875,Cash
ORD967,3/12/2025,ST005,Houston,South,PRD645,Women's Day Sweets,Furniture,Gifts,CUST2006,Women's Day OOO,Consumer,David Wilson,3,850,0,2550,1900,650,Card
ORD968,3/12/2025,ST005,Houston,South,PRD646,Dry Fruits Gift,Furniture,Gifts,CUST2007,Women's Day PPP,Consumer,David Wilson,2,1500,0,3000,2300,700,Online
ORD969,3/13/2025,ST006,Houston,West,PRD722,Women's Day Sports,Sports,Gifts,CUST2008,Women's Day QQQ,Consumer,Daniel Miller,2,2800,5,5320,4000,1320,Card
ORD970,3/13/2025,ST006,Houston,West,PRD723,Yoga Mat Premium,Sports,Yoga,CUST2009,Women's Day RRR,Consumer,Daniel Miller,3,1800,0,5400,4100,1300,Online
ORD971,3/14/2025,ST007,Houston,East,PRD675,Post-Holi Sale,Furniture,Sale,CUST2010,Shopper SSS,Consumer,Jessica Davis,2,15000,12,26400,20000,6400,Card
ORD972,3/14/2025,ST007,Houston,East,PRD676,Clearance Stock,Furniture,Sale,CUST2011,Shopper TTT,Consumer,Jessica Davis,3,8500,10,22950,17500,5450,Cash
ORD973,3/15/2025,ST008,Houston,East,PRD677,Spring Furniture,Furniture,Seasonal,CUST2012,Spring UUU,Consumer,Jessica Davis,2,18000,5,34200,26000,8200,Card
ORD974,3/15/2025,ST008,Houston,East,PRD678,Garden Furniture,Furniture,Outdoor,CUST2013,Spring VVV,Consumer,Jessica Davis,4,5500,0,22000,16800,5200,Online
ORD975,3/16/2025,ST001,New York,West,PRD265,Spring Electronics,Electronics,Seasonal,CUST2014,Spring WWW,Consumer,John Smith,2,25000,8,46000,35000,11000,Card
ORD976,3/16/2025,ST001,New York,West,PRD266,Outdoor Speakers,Electronics,Audio,CUST2015,Spring XXX,Consumer,John Smith,3,8500,5,24225,18500,5725,Online
ORD977,3/17/2025,ST002,Los Angeles,North,PRD361,Spring Collection,Clothing,Seasonal,CUST2016,Spring YYY,Consumer,Emily Johnson,4,2800,5,10640,8100,2540,Card
ORD978,3/17/2025,ST002,Los Angeles,North,PRD362,Cotton Wear,Clothing,Summer,CUST2017,Spring ZZZ,Consumer,Emily Johnson,3,2200,0,6600,5000,1600,Cash
ORD979,3/18/2025,ST003,Chicago,South,PRD455,Summer Tech Preview,Electronics,Seasonal,CUST2018,Summer AAAA,Consumer,Michael Brown,2,32000,5,60800,46000,14800,Card
ORD980,3/18/2025,ST003,Chicago,South,PRD456,Air Cooler,Electronics,Appliances,CUST2019,Summer BBBB,Consumer,Michael Brown,3,8500,8,23460,18000,5460,Online
ORD981,3/19/2025,ST004,Houston,East,PRD679,Summer Furniture,Furniture,Seasonal,CUST2020,Summer CCCC,Consumer,Jessica Davis,2,15000,5,28500,22000,6500,Card
ORD982,3/19/2025,ST004,Houston,East,PRD680,Cane Furniture,Furniture,Outdoor,CUST2021,Summer DDDD,Consumer,Jessica Davis,3,8500,0,25500,19500,6000,Cash
ORD983,3/20/2025,ST005,Houston,South,PRD647,Summer Cool Drinks,Furniture,Beverages,CUST2022,Summer EEEE,Consumer,David Wilson,8,350,0,2800,2100,700,Card
ORD984,3/20/2025,ST005,Houston,South,PRD648,Juices Pack,Furniture,Beverages,CUST2023,Summer FFFF,Consumer,David Wilson,6,450,0,2700,2000,700,Online
ORD985,3/21/2025,ST006,Houston,West,PRD724,Summer Sports Kit,Sports,Seasonal,CUST2024,Summer GGGG,Consumer,Daniel Miller,3,3500,5,9975,7600,2375,Card
ORD986,3/21/2025,ST006,Houston,West,PRD725,Swimming Gear,Sports,Equipment,CUST2025,Summer HHHH,Consumer,Daniel Miller,4,2200,0,8800,6700,2100,Online
ORD987,3/22/2025,ST007,Houston,East,PRD681,Gudi Padwa Special,Furniture,Festive,CUST2026,Gudi Padwa IIII,Consumer,Jessica Davis,2,22000,8,40480,31000,9480,Card
ORD988,3/22/2025,ST007,Houston,East,PRD682,Festive Home Decor,Furniture,Decor,CUST2027,Gudi Padwa JJJJ,Consumer,Jessica Davis,3,8500,5,24225,18500,5725,Cash
ORD989,3/23/2025,ST008,Houston,East,PRD683,Ugadi Special,Furniture,Festive,CUST2028,Ugadi KKKK,Consumer,Jessica Davis,2,18000,5,34200,26000,8200,Card
ORD990,3/23/2025,ST008,Houston,East,PRD684,Traditional Furniture,Furniture,Ethnic,CUST2029,Ugadi LLLL,Consumer,Jessica Davis,3,12000,0,36000,27500,8500,Online
ORD991,3/24/2025,ST001,New York,West,PRD267,Gudi Padwa Electronics,Electronics,Festive,CUST2030,Gudi Padwa MMMM,Consumer,John Smith,3,15000,8,41400,32000,9400,Card
ORD992,3/24/2025,ST001,New York,West,PRD268,Festival Specials,Electronics,Offers,CUST2031,Gudi Padwa NNNN,Consumer,John Smith,2,28000,5,53200,41000,12200,Online
ORD993,3/25/2025,ST002,Los Angeles,North,PRD363,Navratri Special,Clothing,Festive,CUST2032,Navratri OOOO,Consumer,Emily Johnson,4,3500,8,12880,9800,3080,Card
ORD994,3/25/2025,ST002,Los Angeles,North,PRD364,Chaniya Choli,Clothing,Ethnic Wear,CUST2033,Navratri PPPP,Consumer,Emily Johnson,3,5500,5,15675,12000,3675,Cash
ORD995,3/26/2025,ST003,Chicago,South,PRD457,Ugadi Electronics,Electronics,Festive,CUST2034,Ugadi QQQQ,Consumer,Michael Brown,2,22000,8,40480,31000,9480,Card
ORD996,3/26/2025,ST003,Chicago,South,PRD458,Festival Gadgets,Electronics,Gifts,CUST2035,Ugadi RRRR,Consumer,Michael Brown,3,12000,5,34200,26000,8200,Online
ORD997,3/27/2025,ST004,Houston,East,PRD685,Poila Baisakh Prep,Furniture,Festive,CUST2036,Bengali New Year SSSS,Consumer,Jessica Davis,2,25000,8,46000,35000,11000,Card
ORD998,3/27/2025,ST004,Houston,East,PRD686,Traditional Furniture,Furniture,Ethnic,CUST2037,Bengali New Year TTTT,Consumer,Jessica Davis,3,12000,5,34200,26000,8200,Cash
ORD999,3/28/2025,ST005,Houston,South,PRD649,Tamil New Year Prep,Furniture,Festive,CUST2038,Tamil New Year UUUU,Consumer,David Wilson,5,1800,0,9000,6900,2100,Card
ORD1000,3/28/2025,ST005,Houston,South,PRD650,Festival Sweets,Furniture,Sweets,CUST2039,Tamil New Year VVVV,Consumer,David Wilson,4,1200,0,4800,3600,1200,Online
ORD1001,3/29/2025,ST006,Houston,West,PRD726,Gudi Padwa Sports,Sports,Festive,CUST2040,Gudi Padwa WWWW,Consumer,Daniel Miller,3,2800,5,7980,6100,1880,Card
ORD1002,3/29/2025,ST006,Houston,West,PRD727,Traditional Games,Sports,Equipment,CUST2041,Gudi Padwa XXXX,Consumer,Daniel Miller,4,1500,0,6000,4600,1400,Online
ORD1003,3/30/2025,ST007,Houston,East,PRD687,Month End Sale,Furniture,Sale,CUST2042,Shopper YYYY,Consumer,Jessica Davis,2,15000,10,27000,20500,6500,Card
ORD1004,3/30/2025,ST007,Houston,East,PRD688,Clearance Offers,Furniture,Sale,CUST2043,Shopper ZZZZ,Consumer,Jessica Davis,3,8500,8,23460,18000,5460,Cash
ORD1005,3/31/2025,ST008,Houston,East,PRD689,March End Sale,Furniture,Sale,CUST2044,Shopper AAAA1,Consumer,Jessica Davis,2,22000,12,38720,29500,9220,Card
ORD1006,3/31/2025,ST008,Houston,East,PRD690,Financial Year End,Furniture,Sale,CUST2045,Shopper BBBB1,Consumer,Jessica Davis,3,12000,10,32400,25000,7400,Online
ORD1007,4/1/2025,ST001,New York,West,PRD269,April Month Start,Electronics,New,CUST2046,Early CCCC1,Consumer,John Smith,2,22000,5,41800,32000,9800,Card
ORD1008,4/1/2025,ST001,New York,West,PRD270,New Month Offers,Electronics,Sale,CUST2047,Shopper DDDD1,Consumer,John Smith,3,15000,8,41400,32000,9400,Online
ORD1009,4/2/2025,ST002,Los Angeles,North,PRD365,Summer Collection,Clothing,Seasonal,CUST2048,Summer EEEE1,Consumer,Emily Johnson,4,2800,5,10640,8100,2540,Card
ORD1001,4/3/2025,ST001,New York,West,PRD271,Summer AC Sale,Electronics,Appliances,CUST2049,Summer Shopper A,Consumer,John Smith,2,38000,8,69920,54000,15920,Card
ORD1002,4/3/2025,ST001,New York,West,PRD272,Cooler King,Electronics,Appliances,CUST2050,Summer Shopper B,Consumer,John Smith,3,8500,5,24225,18500,5725,Online
ORD1003,4/4/2025,ST002,Los Angeles,North,PRD367,Summer Kurtis,Clothing,Women's Wear,CUST2051,Summer Shopper C,Consumer,Emily Johnson,4,2200,8,8096,6200,1896,Card
ORD1004,4/4/2025,ST002,Los Angeles,North,PRD368,Cotton T-Shirts,Clothing,Casual Wear,CUST2052,Summer Shopper D,Consumer,Emily Johnson,5,1200,5,5700,4300,1400,Cash
ORD1005,4/5/2025,ST003,Chicago,South,PRD459,Summer Laptops,Electronics,Computers,CUST2053,Summer Shopper E,Consumer,Michael Brown,2,55000,8,101200,78000,23200,Card
ORD1006,4/5/2025,ST003,Chicago,South,PRD460,Tablet for Travel,Electronics,Tablets,CUST2054,Summer Shopper F,Consumer,Michael Brown,3,28000,5,79800,61000,18800,Online
ORD1007,4/6/2025,ST004,Houston,East,PRD691,Summer Furniture,Furniture,Outdoor,CUST2055,Summer Shopper G,Consumer,Jessica Davis,2,18000,8,33120,25500,7620,Card
ORD1008,4/6/2025,ST004,Houston,East,PRD692,Garden Set,Furniture,Outdoor,CUST2056,Summer Shopper H,Consumer,Jessica Davis,3,12000,5,34200,26000,8200,Cash
ORD1009,4/7/2025,ST005,Houston,South,PRD651,Summer Fruits,Furniture,Fruits,CUST2057,Summer Shopper I,Consumer,David Wilson,6,350,0,2100,1600,500,Card
ORD1010,4/7/2025,ST005,Houston,South,PRD652,Mango Pack,Furniture,Fruits,CUST2058,Summer Shopper J,Consumer,David Wilson,4,600,0,2400,1800,600,Online
ORD1011,4/8/2025,ST006,Houston,West,PRD728,Summer Sports Kit,Sports,Seasonal,CUST2059,Summer Shopper K,Consumer,Daniel Miller,3,3500,5,9975,7600,2375,Card
ORD1012,4/8/2025,ST006,Houston,West,PRD729,Swimming Costume,Sports,Apparel,CUST2060,Summer Shopper L,Consumer,Daniel Miller,4,1500,0,6000,4600,1400,Online
ORD1013,4/9/2025,ST007,Houston,East,PRD693,Summer Home Decor,Furniture,Decor,CUST2061,Summer Shopper M,Consumer,Jessica Davis,2,8500,5,16150,12400,3750,Card
ORD1014,4/9/2025,ST007,Houston,East,PRD694,Lightweight Furniture,Furniture,All,CUST2062,Summer Shopper N,Consumer,Jessica Davis,3,5500,0,16500,12600,3900,Cash
ORD1015,4/10/2025,ST008,Houston,East,PRD695,Bamboo Furniture,Furniture,Eco-friendly,CUST2063,Eco Shopper O,Consumer,Jessica Davis,2,12000,8,22080,17000,5080,Card
ORD1016,4/10/2025,ST008,Houston,East,PRD696,Cane Chair Set,Furniture,Outdoor,CUST2064,Eco Shopper P,Consumer,Jessica Davis,4,3500,5,13300,10200,3100,Online
ORD1017,4/11/2025,ST001,New York,West,PRD273,Summer Wedding Gifts,Electronics,Gifts,CUST2065,Wedding Guest Q,Consumer,John Smith,3,15000,5,42750,33000,9750,Card
ORD1018,4/11/2025,ST001,New York,West,PRD274,Home Theatre Gift,Electronics,Audio,CUST2066,Wedding Guest R,Consumer,John Smith,2,25000,8,46000,35000,11000,Online
ORD1019,4/12/2025,ST002,Los Angeles,North,PRD369,Summer Wedding Wear,Clothing,Ethnic Wear,CUST2067,Wedding Guest S,Consumer,Emily Johnson,3,5500,8,15180,11600,3580,Card
ORD1020,4/12/2025,ST002,Los Angeles,North,PRD370,Bridesmaid Dresses,Clothing,Women's Wear,CUST2068,Wedding Guest T,Consumer,Emily Johnson,4,3800,5,14440,11000,3440,Cash
ORD1021,4/13/2025,ST003,Chicago,South,PRD461,Wedding Photography Gear,Electronics,Cameras,CUST2069,Photographer U,Consumer,Michael Brown,2,45000,5,85500,66000,19500,Card
ORD1022,4/13/2025,ST003,Chicago,South,PRD462,Drone for Wedding,Electronics,Gadgets,CUST2070,Photographer V,Consumer,Michael Brown,1,65000,8,59800,46000,13800,Online
ORD1023,4/14/2025,ST004,Houston,East,PRD697,Wedding Furniture Rental,Furniture,Rental,CUST2071,Wedding Planner W,Corporate,Jessica Davis,10,3500,10,31500,24000,7500,Card
ORD1024,4/14/2025,ST004,Houston,East,PRD698,Mandap Decoration,Furniture,Rental,CUST2072,Wedding Planner X,Corporate,Jessica Davis,5,8500,8,39100,30000,9100,Cash
ORD1025,4/15/2025,ST005,Houston,South,PRD653,Wedding Sweets Pack,Furniture,Sweets,CUST2073,Wedding Guest Y,Consumer,David Wilson,8,650,0,5200,4000,1200,Card
ORD1026,4/15/2025,ST005,Houston,South,PRD654,Dry Fruits Gift,Furniture,Gifts,CUST2074,Wedding Guest Z,Consumer,David Wilson,6,850,0,5100,3900,1200,Online
ORD1027,4/16/2025,ST006,Houston,West,PRD730,Summer Marathon,Sports,Events,CUST2075,Runner AA,Consumer,Daniel Miller,3,2800,5,7980,6100,1880,Card
ORD1028,4/16/2025,ST006,Houston,West,PRD731,Hydration Pack,Sports,Accessories,CUST2076,Runner BB,Consumer,Daniel Miller,4,1200,0,4800,3600,1200,Online
ORD1029,4/17/2025,ST007,Houston,East,PRD699,Summer Reading Chair,Furniture,Seating,CUST2077,Reader CC,Consumer,Jessica Davis,2,8500,5,16150,12400,3750,Card
ORD1030,4/17/2025,ST007,Houston,East,PRD700,Bookshelf Combo,Furniture,Storage,CUST2078,Reader DD,Consumer,Jessica Davis,1,12000,0,12000,9200,2800,Cash
ORD1031,4/18/2025,ST008,Houston,East,PRD701,World Heritage Day,Furniture,Special,CUST2079,Heritage EE,Consumer,Jessica Davis,2,22000,8,40480,31000,9480,Card
ORD1032,4/18/2025,ST008,Houston,East,PRD702,Traditional Craft,Furniture,Handicraft,CUST2080,Heritage FF,Consumer,Jessica Davis,3,8500,5,24225,18500,5725,Online
ORD1033,4/19/2025,ST001,New York,West,PRD275,Earth Day Special,Electronics,Eco-friendly,CUST2081,Eco Warrior GG,Consumer,John Smith,2,15000,8,27600,21000,6600,Card
ORD1034,4/19/2025,ST001,New York,West,PRD276,Solar Charger,Electronics,Green,CUST2082,Eco Warrior HH,Consumer,John Smith,3,3500,5,9975,7600,2375,Online
ORD1035,4/20/2025,ST002,Los Angeles,North,PRD371,Earth Day Clothing,Clothing,Eco-friendly,CUST2083,Eco Warrior II,Consumer,Emily Johnson,4,2200,5,8360,6400,1960,Card
ORD1036,4/20/2025,ST002,Los Angeles,North,PRD372,Organic Cotton Wear,Clothing,Sustainable,CUST2084,Eco Warrior JJ,Consumer,Emily Johnson,3,2800,0,8400,6400,2000,Cash
ORD1037,4/21/2025,ST003,Chicago,South,PRD463,World Creativity Day,Electronics,Special,CUST2085,Creative KK,Consumer,Michael Brown,2,32000,5,60800,47000,13800,Card
ORD1038,4/21/2025,ST003,Chicago,South,PRD464,Drawing Tablet,Electronics,Creative,CUST2086,Creative LL,Consumer,Michael Brown,1,25000,0,25000,19000,6000,Online
ORD1039,4/22/2025,ST004,Houston,East,PRD703,Summer Storage,Furniture,Storage,CUST2087,Organizer MM,Consumer,Jessica Davis,3,5500,8,15180,11600,3580,Card
ORD1040,4/22/2025,ST004,Houston,East,PRD704,Wardrobe Organizer,Furniture,Storage,CUST2088,Organizer NN,Consumer,Jessica Davis,2,8500,5,16150,12400,3750,Cash
ORD1041,4/23/2025,ST005,Houston,South,PRD655,Summer Coolants,Furniture,Beverages,CUST2089,Thirsty OO,Consumer,David Wilson,10,180,0,1800,1350,450,Card
ORD1042,4/23/2025,ST005,Houston,South,PRD656,Electrolyte Drinks,Furniture,Health,CUST2090,Thirsty PP,Consumer,David Wilson,8,220,0,1760,1300,460,Online
ORD1043,4/24/2025,ST006,Houston,West,PRD732,Summer Sports Camp,Sports,Kids,CUST2091,Parent QQ,Consumer,Daniel Miller,3,3500,5,9975,7600,2375,Card
ORD1044,4/24/2025,ST006,Houston,West,PRD733,Kids Swimming Kit,Sports,Kids,CUST2092,Parent RR,Consumer,Daniel Miller,4,1800,0,7200,5500,1700,Online
ORD1045,4/25/2025,ST007,Houston,East,PRD705,Summer Bedding,Furniture,Bedding,CUST2093,Home Maker SS,Consumer,Jessica Davis,4,2800,5,10640,8100,2540,Card
ORD1046,4/25/2025,ST007,Houston,East,PRD706,Cotton Mattress,Furniture,Bedding,CUST2094,Home Maker TT,Consumer,Jessica Davis,2,8500,0,17000,13000,4000,Cash
ORD1047,4/26/2025,ST008,Houston,East,PRD707,Summer Curtains,Furniture,Decor,CUST2095,Decorator UU,Consumer,Jessica Davis,6,1500,5,8550,6500,2050,Card
ORD1048,4/26/2025,ST008,Houston,East,PRD708,Light Filtering Blinds,Furniture,Decor,CUST2096,Decorator VV,Consumer,Jessica Davis,4,2200,0,8800,6700,2100,Online
ORD1049,4/27/2025,ST001,New York,West,PRD277,Summer Movie Night,Electronics,Entertainment,CUST2097,Movie Buff WW,Consumer,John Smith,2,25000,8,46000,35000,11000,Card
ORD1050,4/27/2025,ST001,New York,West,PRD278,Projector Special,Electronics,Entertainment,CUST2098,Movie Buff XX,Consumer,John Smith,1,38000,5,36100,28000,8100,Online
ORD1051,4/28/2025,ST002,Los Angeles,North,PRD373,Summer Party Wear,Clothing,Party Wear,CUST2099,Party Lover YY,Consumer,Emily Johnson,3,4500,5,12825,9800,3025,Card
ORD1052,4/28/2025,ST002,Los Angeles,North,PRD374,Resort Wear,Clothing,Vacation,CUST2100,Vacationer ZZ,Consumer,Emily Johnson,4,3200,0,12800,9800,3000,Cash
ORD1053,4/29/2025,ST003,Chicago,South,PRD465,Summer Vacation Gadgets,Electronics,Travel,CUST2101,Traveler AAA,Consumer,Michael Brown,3,15000,8,41400,32000,9400,Card
ORD1054,4/29/2025,ST003,Chicago,South,PRD466,Power Bank Combo,Electronics,Accessories,CUST2102,Traveler BBB,Consumer,Michael Brown,4,2000,5,7600,5800,1800,Online
ORD1055,4/30/2025,ST004,Houston,East,PRD709,Month End Clearance,Furniture,Sale,CUST2103,Shopper CCC,Consumer,Jessica Davis,2,15000,12,26400,20000,6400,Card
ORD1056,4/30/2025,ST004,Houston,East,PRD710,Last Day Offers,Furniture,Sale,CUST2104,Shopper DDD,Consumer,Jessica Davis,3,8500,10,22950,17500,5450,Cash
ORD1057,5/1/2025,ST001,New York,West,PRD279,May Day Special,Electronics,Offers,CUST2105,Labor Day EEE,Consumer,John Smith,2,22000,8,40480,31000,9480,Card
ORD1058,5/1/2025,ST001,New York,West,PRD280,Maharashtra Day,Electronics,Regional,CUST2106,Maharashtra FFF,Consumer,John Smith,3,15000,5,42750,33000,9750,Online
ORD1059,5/2/2025,ST002,Los Angeles,North,PRD375,Summer Collection Launch,Clothing,New,CUST2107,Fashionista GGG,Consumer,Emily Johnson,4,2800,0,11200,8500,2700,Card
ORD1060,5/2/2025,ST002,Los Angeles,North,PRD376,Vacation Wear,Clothing,Vacation,CUST2108,Traveler HHH,Consumer,Emily Johnson,3,3500,5,9975,7600,2375,Cash
ORD1061,5/3/2025,ST003,Chicago,South,PRD467,Summer Cool Tech,Electronics,Seasonal,CUST2109,Tech Lover III,Consumer,Michael Brown,2,28000,5,53200,41000,12200,Card
ORD1062,5/3/2025,ST003,Chicago,South,PRD468,Portable Fan,Electronics,Appliances,CUST2110,Heat Beater JJJ,Consumer,Michael Brown,4,2500,0,10000,7600,2400,Online
ORD1063,5/4/2025,ST004,Houston,East,PRD711,Summer Dining Set,Furniture,Dining,CUST2111,Host KKK,Consumer,Jessica Davis,2,18000,8,33120,25500,7620,Card
ORD1064,5/4/2025,ST004,Houston,East,PRD712,Outdoor Dining,Furniture,Outdoor,CUST2112,Host LLL,Consumer,Jessica Davis,3,12000,5,34200,26000,8200,Cash
ORD1065,5/5/2025,ST005,Houston,South,PRD657,Summer Fruits Pack,Furniture,Fruits,CUST2113,Healthy MMM,Consumer,David Wilson,5,450,0,2250,1700,550,Card
ORD1066,5/5/2025,ST005,Houston,South,PRD658,Organic Vegetables,Furniture,Vegetables,CUST2114,Healthy NNN,Consumer,David Wilson,6,350,0,2100,1600,500,Online
ORD1067,5/6/2025,ST006,Houston,West,PRD734,Summer Fitness Challenge,Sports,Fitness,CUST2115,Fitness OOO,Consumer,Daniel Miller,3,2800,5,7980,6100,1880,Card
ORD1068,5/6/2025,ST006,Houston,West,PRD735,Gym Starter Pack,Sports,Fitness,CUST2116,Fitness PPP,Consumer,Daniel Miller,2,5500,0,11000,8400,2600,Online
ORD1069,5/7/2025,ST007,Houston,East,PRD713,Mother's Day Gifts,Furniture,Gifts,CUST2117,Son QQQ,Consumer,Jessica Davis,2,15000,8,27600,21000,6600,Card
ORD1070,5/7/2025,ST007,Houston,East,PRD714,Comfort Chair Gift,Furniture,Chairs,CUST2118,Daughter RRR,Consumer,Jessica Davis,1,12000,5,11400,8700,2700,Cash
ORD1071,5/8/2025,ST008,Houston,East,PRD715,Mother's Day Special,Furniture,Gifts,CUST2119,Son SSS,Consumer,Jessica Davis,2,8500,5,16150,12400,3750,Card
ORD1072,5/8/2025,ST008,Houston,East,PRD716,Relaxation Chair,Furniture,Seating,CUST2120,Daughter TTT,Consumer,Jessica Davis,1,18000,0,18000,13800,4200,Online
ORD1073,5/9/2025,ST001,New York,West,PRD281,Mother's Day Electronics,Electronics,Gifts,CUST2121,Son UUU,Consumer,John Smith,2,22000,5,41800,32000,9800,Card
ORD1074,5/9/2025,ST001,New York,West,PRD282,Smart Watch Gift,Electronics,Wearables,CUST2122,Daughter VVV,Consumer,John Smith,1,18000,0,18000,13800,4200,Online
ORD1075,5/10/2025,ST002,Los Angeles,North,PRD377,Mother's Day Wear,Clothing,Women's Wear,CUST2123,Son WWW,Consumer,Emily Johnson,2,4500,8,8280,6300,1980,Card
ORD1076,5/10/2025,ST002,Los Angeles,North,PRD378,Saree Gift,Clothing,Ethnic Wear,CUST2124,Daughter XXX,Consumer,Emily Johnson,1,5500,5,5225,4000,1225,Cash
ORD1077,5/11/2025,ST003,Chicago,South,PRD469,Pre-Summer Sale,Electronics,Sale,CUST2125,Shopper YYY,Consumer,Michael Brown,3,15000,10,40500,31000,9500,Card
ORD1078,5/11/2025,ST003,Chicago,South,PRD470,Stock Clearance,Electronics,Sale,CUST2126,Shopper ZZZ,Consumer,Michael Brown,2,32000,8,58880,45000,13880,Online
ORD1079,5/12/2025,ST004,Houston,East,PRD717,Summer Living,Furniture,Living Room,CUST2127,Home Maker AAAA,Consumer,Jessica Davis,2,22000,5,41800,32000,9800,Card
ORD1080,5/12/2025,ST004,Houston,East,PRD718,Sofa Set Summer Offer,Furniture,Seating,CUST2128,Home Maker BBBB,Consumer,Jessica Davis,1,35000,8,32200,25000,7200,Cash
ORD1081,5/13/2025,ST005,Houston,South,PRD659,Summer Beverages Bulk,Furniture,Beverages,CUST2129,Party CCCC,Consumer,David Wilson,12,250,0,3000,2300,700,Card
ORD1082,5/13/2025,ST005,Houston,South,PRD660,Juice Packs,Furniture,Beverages,CUST2130,Party DDDD,Consumer,David Wilson,8,350,0,2800,2100,700,Online
ORD1083,5/14/2025,ST006,Houston,West,PRD736,Summer Sports Shoes,Sports,Footwear,CUST2131,Athlete EEEE,Consumer,Daniel Miller,2,4500,5,8550,6500,2050,Card
ORD1084,5/14/2025,ST006,Houston,West,PRD737,Running Shoes,Sports,Footwear,CUST2132,Athlete FFFF,Consumer,Daniel Miller,3,3500,0,10500,8000,2500,Online
ORD1085,5/15/2025,ST007,Houston,East,PRD719,International Day of Families,Furniture,Family,CUST2133,Family GGGG,Consumer,Jessica Davis,2,18000,8,33120,25500,7620,Card
ORD1086,5/15/2025,ST007,Houston,East,PRD720,Family Dining Table,Furniture,Dining,CUST2134,Family HHHH,Consumer,Jessica Davis,1,25000,5,23750,18200,5550,Cash
ORD1087,5/16/2025,ST008,Houston,East,PRD721,Summer Storage Solutions,Furniture,Storage,CUST2135,Organizer IIII,Consumer,Jessica Davis,3,5500,5,15675,12000,3675,Card
ORD1088,5/16/2025,ST008,Houston,East,PRD722,Closet Organizer,Furniture,Storage,CUST2136,Organizer JJJJ,Consumer,Jessica Davis,2,8500,0,17000,13000,4000,Online
ORD1089,5/17/2025,ST001,New York,West,PRD283,World Telecom Day,Electronics,Communication,CUST2137,Tech KKKK,Consumer,John Smith,3,15000,8,41400,32000,9400,Card
ORD1090,5/17/2025,ST001,New York,West,PRD284,Smartphone Offer,Electronics,Smartphones,CUST2138,Tech LLLL,Consumer,John Smith,2,28000,5,53200,41000,12200,Online
ORD1091,5/18/2025,ST002,Los Angeles,North,PRD379,Summer Accessories,Clothing,Accessories,CUST2139,Fashion MMMM,Consumer,Emily Johnson,5,1200,5,5700,4300,1400,Card
ORD1092,5/18/2025,ST002,Los Angeles,North,PRD380,Sunglasses Collection,Clothing,Accessories,CUST2140,Fashion NNNN,Consumer,Emily Johnson,4,1800,0,7200,5500,1700,Cash
ORD1093,5/19/2025,ST003,Chicago,South,PRD471,Summer Gadget Sale,Electronics,Sale,CUST2141,Gadget Lover OOOO,Consumer,Michael Brown,2,22000,8,40480,31000,9480,Card
ORD1094,5/19/2025,ST003,Chicago,South,PRD472,Headphone Offer,Electronics,Audio,CUST2142,Music Lover PPPP,Consumer,Michael Brown,3,5500,5,15675,12000,3675,Online
ORD1095,5/20/2025,ST004,Houston,East,PRD723,National Memorial Day,Furniture,Special,CUST2143,Patriot QQQQ,Consumer,Jessica Davis,2,15000,5,28500,22000,6500,Card
ORD1096,5/20/2025,ST004,Houston,East,PRD724,Heritage Furniture,Furniture,Traditional,CUST2144,Patriot RRRR,Consumer,Jessica Davis,3,8500,0,25500,19500,6000,Cash
ORD1097,5/21/2025,ST005,Houston,South,PRD661,Summer Health Drinks,Furniture,Health,CUST2145,Health Conscious SSSS,Consumer,David Wilson,6,350,0,2100,1600,500,Card
ORD1098,5/21/2025,ST005,Houston,South,PRD662,Immunity Boosters,Furniture,Health,CUST2146,Health Conscious TTTT,Consumer,David Wilson,4,550,0,2200,1700,500,Online
ORD1099,5/22/2025,ST006,Houston,West,PRD738,Summer Sports League,Sports,Events,CUST2147,Player UUUU,Consumer,Daniel Miller,3,2800,5,7980,6100,1880,Card
ORD1100,6/22/2025,ST006,Houston,West,PRD739,Team Uniforms,Sports,Apparel,CUST2148,Player VVVV,Consumer,Daniel Miller,5,1500,0,7500,5700,1800,Online
ORD1101,6/22/2025,ST007,Houston,East,PRD725,Buddha Purnima Special,Furniture,Religious,CUST2149,Devotee WWWW,Consumer,Jessica Davis,2,12000,5,22800,17500,5300,Card
ORD1102,6/22/2025,ST007,Houston,East,PRD726,Meditation Cushion,Furniture,Wellness,CUST2150,Devotee XXXX,Consumer,Jessica Davis,4,1800,0,7200,5500,1700,Cash
ORD1103,6/22/2025,ST008,Houston,East,PRD727,Summer Breeze Furniture,Furniture,Seasonal,CUST2151,Home Lover YYYY,Consumer,Jessica Davis,2,15000,8,27600,21000,6600,Card
ORD1104,6/22/2025,ST008,Houston,East,PRD728,Lightweight Chairs,Furniture,Outdoor,CUST2152,Home Lover ZZZZ,Consumer,Jessica Davis,4,3500,5,13300,10200,3100,Online
ORD1105,6/22/2025,ST001,New York,West,PRD285,Summer Music Festival,Electronics,Entertainment,CUST2153,Music Fan AAAA1,Consumer,John Smith,3,15000,5,42750,33000,9750,Card
ORD1106,6/22/2025,ST001,New York,West,PRD286,Bluetooth Speaker,Electronics,Audio,CUST2154,Music Fan BBBB1,Consumer,John Smith,4,3500,0,14000,10700,3300,Online
ORD1107,6/22/2025,ST002,Los Angeles,North,PRD381,Summer Festival Wear,Clothing,Festive,CUST2155,Festival Goer CCCC1,Consumer,Emily Johnson,3,3800,8,10488,8000,2488,Card
ORD1108,6/22/2025,ST002,Los Angeles,North,PRD382,Bohemian Collection,Clothing,Trendy,CUST2156,Fashion DDDD1,Consumer,Emily Johnson,4,2800,5,10640,8100,2540,Cash
ORD1109,6/22/2025,ST003,Chicago,South,PRD473,Tech Summer Camp,Electronics,Kids,CUST2157,Parent EEEE1,Consumer,Michael Brown,2,22000,5,41800,32000,9800,Card
ORD1101,6/22/2025,ST001,New York,West,PRD287,July Monsoon Sale,Electronics,Seasonal,CUST2159,Monsoon Shopper A,Consumer,John Smith,3,15000,10,40500,31000,9500,Card
ORD1102,6/22/2025,ST001,New York,West,PRD288,Waterproof Speakers,Electronics,Audio,CUST2160,Monsoon Shopper B,Consumer,John Smith,2,5500,5,10450,8000,2450,Online
ORD1103,6/22/2025,ST002,Los Angeles,North,PRD383,Rainwear Collection,Clothing,Outerwear,CUST2161,Monsoon Shopper C,Consumer,Emily Johnson,4,1800,8,6624,5000,1624,Card
ORD1104,6/22/2025,ST002,Los Angeles,North,PRD384,Waterproof Jackets,Clothing,Winter Wear,CUST2162,Monsoon Shopper D,Consumer,Emily Johnson,3,2500,5,7125,5400,1725,Cash
ORD1105,6/22/2025,ST003,Chicago,South,PRD475,Monsoon Gadgets,Electronics,Seasonal,CUST2163,Monsoon Shopper E,Consumer,Michael Brown,2,18000,8,33120,25500,7620,Card
ORD1106,6/22/2025,ST003,Chicago,South,PRD476,UPS Backup,Electronics,Peripherals,CUST2164,Monsoon Shopper F,Consumer,Michael Brown,3,6500,5,18525,14200,4325,Online
ORD1107,7/4/2025,ST004,Houston,East,PRD729,Monsoon Furniture,Furniture,Seasonal,CUST2165,Monsoon Shopper G,Consumer,Jessica Davis,2,15000,8,27600,21000,6600,Card
ORD1108,7/4/2025,ST004,Houston,East,PRD730,Waterproof Storage,Furniture,Storage,CUST2166,Monsoon Shopper H,Consumer,Jessica Davis,3,5500,5,15675,12000,3675,Cash
ORD1109,7/5/2025,ST005,Houston,South,PRD663,Monsoon Veggies,Furniture,Vegetables,CUST2167,Monsoon Shopper I,Consumer,David Wilson,6,280,0,1680,1250,430,Card
ORD1110,7/5/2025,ST005,Houston,South,PRD664,Root Vegetables,Furniture,Vegetables,CUST2168,Monsoon Shopper J,Consumer,David Wilson,5,220,0,1100,800,300,Online
ORD1111,7/6/2025,ST006,Houston,West,PRD740,Monsoon Trekking,Sports,Outdoor,CUST2169,Monsoon Shopper K,Consumer,Daniel Miller,3,2800,5,7980,6100,1880,Card
ORD1112,7/6/2025,ST006,Houston,West,PRD741,Waterproof Bags,Sports,Bags,CUST2170,Monsoon Shopper L,Consumer,Daniel Miller,4,1500,0,6000,4600,1400,Online
ORD1113,6/22/2025,ST007,Houston,East,PRD731,Monsoon Home Decor,Furniture,Decor,CUST2171,Monsoon Shopper M,Consumer,Jessica Davis,2,8500,5,16150,12400,3750,Card
ORD1114,6/22/2025,ST007,Houston,East,PRD732,Damp Proof Furniture,Furniture,Protection,CUST2172,Monsoon Shopper N,Consumer,Jessica Davis,3,12000,0,36000,27500,8500,Cash
ORD1115,6/22/2025,ST008,Houston,East,PRD733,Monsoon Bedding,Furniture,Bedding,CUST2173,Monsoon Shopper O,Consumer,Jessica Davis,4,2800,8,10304,7900,2404,Card
ORD1116,6/22/2025,ST008,Houston,East,PRD734,Anti-Mosquito Nets,Furniture,Protection,CUST2174,Monsoon Shopper P,Consumer,Jessica Davis,5,1200,5,5700,4300,1400,Online
ORD1117,6/22/2025,ST001,New York,West,PRD289,Monsoon TV Offer,Electronics,Televisions,CUST2175,Monsoon Shopper Q,Consumer,John Smith,2,32000,10,57600,44000,13600,Card
ORD1118,6/22/2025,ST001,New York,West,PRD290,Home Theatre System,Electronics,Audio,CUST2176,Monsoon Shopper R,Consumer,John Smith,1,25000,5,23750,18200,5550,Online
ORD1119,6/22/2025,ST002,Los Angeles,North,PRD385,Monsoon Ethnic Wear,Clothing,Ethnic Wear,CUST2177,Monsoon Shopper S,Consumer,Emily Johnson,3,3800,8,10488,8000,2488,Card
ORD1120,7/10/2025,ST002,Los Angeles,North,PRD386,Cotton Kurtis,Clothing,Women's Wear,CUST2178,Monsoon Shopper T,Consumer,Emily Johnson,4,2200,5,8360,6400,1960,Cash
ORD1121,7/11/2025,ST003,Chicago,South,PRD477,Monsoon Laptop Offer,Electronics,Computers,CUST2179,Monsoon Shopper U,Consumer,Michael Brown,2,55000,8,101200,78000,23200,Card
ORD1122,7/11/2025,ST003,Chicago,South,PRD478,Laptop Bag,Electronics,Accessories,CUST2180,Monsoon Shopper V,Consumer,Michael Brown,3,1800,0,5400,4100,1300,Online
ORD1123,7/12/2025,ST004,Houston,East,PRD735,Monsoon Office Furniture,Furniture,Office,CUST2181,WFH W,Home Office,Jessica Davis,2,18000,5,34200,26000,8200,Card
ORD1124,7/12/2025,ST004,Houston,East,PRD736,Ergonomic Chair,Furniture,Chairs,CUST2182,WFH X,Home Office,Jessica Davis,1,12000,0,12000,9200,2800,Cash
ORD1125,7/13/2025,ST005,Houston,South,PRD665,Monsoon Snacks,Furniture,Snacks,CUST2183,Snack Lover Y,Consumer,David Wilson,8,350,0,2800,2100,700,Card
ORD1126,7/13/2025,ST005,Houston,South,PRD666,Tea & Coffee,Furniture,Beverages,CUST2184,Snack Lover Z,Consumer,David Wilson,6,450,0,2700,2000,700,Online
ORD1127,7/14/2025,ST006,Houston,West,PRD742,Monsoon Fitness,Sports,Fitness,CUST2185,Fitness AA,Consumer,Daniel Miller,3,2800,5,7980,6100,1880,Card
ORD1128,7/14/2025,ST006,Houston,West,PRD743,Indoor Exercise Mat,Sports,Fitness,CUST2186,Fitness BB,Consumer,Daniel Miller,4,1500,0,6000,4600,1400,Online
ORD1129,6/22/2025,ST007,Houston,East,PRD737,World Youth Skills Day,Furniture,Educational,CUST2187,Student CC,Consumer,Jessica Davis,2,8500,5,16150,12400,3750,Card
ORD1130,6/22/2025,ST007,Houston,East,PRD738,Study Table,Furniture,Educational,CUST2188,Student DD,Consumer,Jessica Davis,1,12000,0,12000,9200,2800,Cash
ORD1132,6/22/2025,ST008,Houston,East,PRD740,Stationery Set,Other,Educational,CUST2190,Student FF,Consumer,Jessica Davis,8,350,0,2800,2100,700,Online
ORD1133,6/22/2025,ST001,New York,West,PRD291,Plastic Free July,Electronics,Eco-friendly,CUST2191,Eco Warrior GG,Consumer,John Smith,2,15000,5,28500,22000,6500,Card
ORD1134,6/22/2025,ST001,New York,West,PRD292,Bamboo Speakers,Electronics,Eco-friendly,CUST2192,Eco Warrior HH,Consumer,John Smith,3,3500,0,10500,8000,2500,Online
ORD1135,6/22/2025,ST002,Los Angeles,North,PRD387,Eco-friendly Clothing,Clothing,Sustainable,CUST2193,Eco Warrior II,Consumer,Emily Johnson,4,2200,8,8096,6200,1896,Card
ORD1136,7/18/2025,ST002,Los Angeles,North,PRD388,Organic Cotton,Clothing,Sustainable,CUST2194,Eco Warrior JJ,Consumer,Emily Johnson,3,2800,5,7980,6100,1880,Cash
ORD1137,7/19/2025,ST003,Chicago,South,PRD479,Eco-friendly Tech,Electronics,Green,CUST2195,Eco Warrior KK,Consumer,Michael Brown,2,22000,5,41800,32000,9800,Card
ORD1138,7/19/2025,ST003,Chicago,South,PRD480,Solar Power Bank,Electronics,Green,CUST2196,Eco Warrior LL,Consumer,Michael Brown,4,2500,0,10000,7600,2400,Online
ORD1139,7/20/2025,ST004,Houston,East,PRD741,Bamboo Furniture,Furniture,Eco-friendly,CUST2197,Eco Warrior MM,Consumer,Jessica Davis,2,12000,8,22080,17000,5080,Card
ORD1140,7/20/2025,ST004,Houston,East,PRD742,Cane Set,Furniture,Eco-friendly,CUST2198,Eco Warrior NN,Consumer,Jessica Davis,3,5500,5,15675,12000,3675,Cash
ORD1141,7/21/2025,ST005,Houston,South,PRD667,Organic Grocery,Furniture,Organic,CUST2199,Eco Warrior OO,Consumer,David Wilson,5,1200,0,6000,4600,1400,Card
ORD1142,6/22/2025,ST005,Houston,South,PRD668,Chemical-free Veggies,Furniture,Organic,CUST2200,Eco Warrior PP,Consumer,David Wilson,4,850,0,3400,2600,800,Online
ORD1143,6/22/2025,ST006,Houston,West,PRD744,Eco-friendly Sports Gear,Sports,Sustainable,CUST2201,Eco Warrior QQ,Consumer,Daniel Miller,3,2800,5,7980,6100,1880,Card
ORD1144,6/22/2025,ST006,Houston,West,PRD745,Recycled Material Bags,Sports,Bags,CUST2202,Eco Warrior RR,Consumer,Daniel Miller,4,1500,0,6000,4600,1400,Online
ORD1145,6/22/2025,ST007,Houston,East,PRD743,Parents' Day Special,Furniture,Gifts,CUST2203,Son SS,Consumer,Jessica Davis,2,15000,8,27600,21000,6600,Card
ORD1146,6/22/2025,ST007,Houston,East,PRD744,Recliner Gift,Furniture,Chairs,CUST2204,Daughter TT,Consumer,Jessica Davis,1,22000,5,20900,16000,4900,Cash
ORD1147,6/22/2025,ST008,Houston,East,PRD745,Parents' Day Gifts,Furniture,Gifts,CUST2205,Son UU,Consumer,Jessica Davis,2,8500,5,16150,12400,3750,Card
ORD1148,6/22/2025,ST008,Houston,East,PRD746,Comfort Furniture,Furniture,Seating,CUST2206,Daughter VV,Consumer,Jessica Davis,1,12000,0,12000,9200,2800,Online
ORD1149,7/25/2025,ST001,New York,West,PRD293,Kargil Vijay Diwas,Electronics,Tribute,CUST2207,Patriot WW,Consumer,John Smith,2,18000,8,33120,25500,7620,Card
ORD1150,7/25/2025,ST001,New York,West,PRD294,Army Welfare Offer,Electronics,Special,CUST2208,Patriot XX,Consumer,John Smith,3,8500,5,24225,18500,5725,Online
ORD1151,7/26/2025,ST002,Los Angeles,North,PRD389,Kargil Day Special,Clothing,Tribute,CUST2209,Patriot YY,Consumer,Emily Johnson,3,2800,5,7980,6100,1880,Card
ORD1152,7/26/2025,ST002,Los Angeles,North,PRD390,Tricolor Collection,Clothing,Patriotic,CUST2210,Patriot ZZ,Consumer,Emily Johnson,4,1800,0,7200,5500,1700,Cash
ORD1153,7/27/2025,ST003,Chicago,South,PRD481,Freedom Sale Begin,Electronics,Sale,CUST2211,Patriot AAA,Consumer,Michael Brown,2,32000,8,58880,45000,13880,Card
ORD1154,7/27/2025,ST003,Chicago,South,PRD482,Independence Offer,Electronics,Sale,CUST2212,Patriot BBB,Consumer,Michael Brown,3,15000,5,42750,33000,9750,Online
ORD1155,7/28/2025,ST004,Houston,East,PRD747,Freedom Furniture Sale,Furniture,Sale,CUST2213,Patriot CCC,Consumer,Jessica Davis,2,22000,10,39600,30000,9600,Card
ORD1156,7/28/2025,ST004,Houston,East,PRD748,Tiranga Decor,Furniture,Decor,CUST2214,Patriot DDD,Consumer,Jessica Davis,4,3500,5,13300,10200,3100,Cash
ORD1157,7/29/2025,ST005,Houston,South,PRD669,Independence Grocery,Furniture,Special,CUST2215,Patriot EEE,Consumer,David Wilson,5,1200,0,6000,4600,1400,Card
ORD1158,7/29/2025,ST005,Houston,South,PRD670,Patriotic Snacks,Furniture,Special,CUST2216,Patriot FFF,Consumer,David Wilson,6,550,0,3300,2500,800,Online
ORD1159,7/30/2025,ST006,Houston,West,PRD746,Sports Freedom Sale,Sports,Sale,CUST2217,Patriot GGG,Consumer,Daniel Miller,3,2800,8,7728,5900,1828,Card
ORD1160,7/30/2025,ST006,Houston,West,PRD747,Tricolor Sportswear,Sports,Apparel,CUST2218,Patriot HHH,Consumer,Daniel Miller,4,1500,5,5700,4300,1400,Online
ORD1161,7/31/2025,ST007,Houston,East,PRD749,Month End Clearance,Furniture,Sale,CUST2219,Shopper III,Consumer,Jessica Davis,2,15000,12,26400,20000,6400,Card
ORD1162,7/31/2025,ST007,Houston,East,PRD750,Stock Clearance,Furniture,Sale,CUST2220,Shopper JJJ,Consumer,Jessica Davis,3,8500,10,22950,17500,5450,Cash
ORD1163,8/1/2025,ST001,New York,West,PRD295,August Month Start,Electronics,New,CUST2221,Shopper KKK,Consumer,John Smith,2,22000,5,41800,32000,9800,Card
ORD1164,8/1/2025,ST001,New York,West,PRD296,Friendship Day Gifts,Electronics,Gifts,CUST2222,Friend LLL,Consumer,John Smith,3,8500,0,25500,19500,6000,Online
ORD1165,8/2/2025,ST002,Los Angeles,North,PRD391,Friendship Day Bands,Clothing,Accessories,CUST2223,Friend MMM,Consumer,Emily Johnson,10,350,0,3500,2600,900,Card
ORD1166,8/2/2025,ST002,Los Angeles,North,PRD392,Couple T-Shirts,Clothing,Couples,CUST2224,Friend NNN,Consumer,Emily Johnson,4,1800,5,6840,5200,1640,Cash
ORD1167,8/3/2025,ST003,Chicago,South,PRD483,Friendship Day Gadgets,Electronics,Gifts,CUST2225,Friend OOO,Consumer,Michael Brown,3,4500,0,13500,10300,3200,Card
ORD1168,8/3/2025,ST003,Chicago,South,PRD484,Smart Band Gift,Electronics,Wearables,CUST2226,Friend PPP,Consumer,Michael Brown,2,5500,5,10450,8000,2450,Online
ORD1169,8/4/2025,ST004,Houston,East,PRD751,Rakhi Shopping Start,Furniture,Gifts,CUST2227,Sister QQQ,Consumer,Jessica Davis,2,8500,8,15640,12000,3640,Card
ORD1170,8/4/2025,ST004,Houston,East,PRD752,Rakhi Gift Hamper,Furniture,Gifts,CUST2228,Sister RRR,Consumer,Jessica Davis,3,3500,5,9975,7600,2375,Cash
ORD1171,8/5/2025,ST005,Houston,South,PRD671,Rakhi Sweets,Furniture,Sweets,CUST2229,Sister SSS,Consumer,David Wilson,5,650,0,3250,2500,750,Card
ORD1172,8/5/2025,ST005,Houston,South,PRD672,Dry Fruits Pack,Furniture,Gifts,CUST2230,Sister TTT,Consumer,David Wilson,4,1200,0,4800,3600,1200,Online
ORD1173,8/6/2025,ST006,Houston,West,PRD748,Rakhi Sports Gift,Sports,Gifts,CUST2231,Brother UUU,Consumer,Daniel Miller,2,2800,5,5320,4000,1320,Card
ORD1174,8/6/2025,ST006,Houston,West,PRD749,Fitness Band Gift,Sports,Wearables,CUST2232,Brother VVV,Consumer,Daniel Miller,1,4500,0,4500,3400,1100,Online
ORD1175,8/7/2025,ST007,Houston,East,PRD753,Rakhi Special Furniture,Furniture,Gifts,CUST2233,Sister WWW,Consumer,Jessica Davis,1,15000,8,13800,10500,3300,Card
ORD1176,8/7/2025,ST007,Houston,East,PRD754,Home Decor Gift,Furniture,Decor,CUST2234,Sister XXX,Consumer,Jessica Davis,3,4200,5,11970,9100,2870,Cash
ORD1177,8/8/2025,ST008,Houston,East,PRD755,Rakhi Thali Set,Other,Religious,CUST2235,Sister YYY,Consumer,Jessica Davis,5,1200,0,6000,4600,1400,Card
ORD1178,8/8/2025,ST008,Houston,East,PRD756,Pooja Essentials,Other,Religious,CUST2236,Sister ZZZ,Consumer,Jessica Davis,4,800,0,3200,2400,800,Online
ORD1179,8/9/2025,ST001,New York,West,PRD297,Independence Week,Electronics,Festive,CUST2237,Patriot AAAA,Consumer,John Smith,2,25000,12,44000,34000,10000,Card
ORD1180,8/9/2025,ST001,New York,West,PRD298,Tricolor Electronics,Electronics,Special,CUST2238,Patriot BBBB,Consumer,John Smith,3,12000,8,33120,25500,7620,Online
ORD1181,8/10/2025,ST002,Los Angeles,North,PRD393,Tiranga Clothing,Clothing,Patriotic,CUST2239,Patriot CCCC,Consumer,Emily Johnson,5,1500,5,7125,5400,1725,Card
ORD1182,8/10/2025,ST002,Los Angeles,North,PRD394,Flag T-Shirts,Clothing,Patriotic,CUST2240,Patriot DDDD,Consumer,Emily Johnson,8,800,0,6400,4900,1500,Cash
ORD1183,8/11/2025,ST003,Chicago,South,PRD485,Freedom Festival,Electronics,Festive,CUST2241,Patriot EEEE,Consumer,Michael Brown,2,32000,10,57600,44000,13600,Card
ORD1184,8/11/2025,ST003,Chicago,South,PRD486,Independence Offer,Electronics,Festive,CUST2242,Patriot FFFF,Consumer,Michael Brown,3,18000,8,49680,38000,11680,Online
ORD1185,8/12/2025,ST004,Houston,East,PRD757,Swadeshi Furniture,Furniture,Special,CUST2243,Patriot GGGG,Consumer,Jessica Davis,2,22000,12,38720,29500,9220,Card
ORD1186,8/12/2025,ST004,Houston,East,PRD758,Indian Craft Furniture,Furniture,Handicraft,CUST2244,Patriot HHHH,Consumer,Jessica Davis,3,9500,8,26220,20000,6220,Cash
ORD1187,8/13/2025,ST005,Houston,South,PRD673,Indian Grocery Pack,Furniture,Special,CUST2245,Patriot IIII,Consumer,David Wilson,6,1500,5,8550,6500,2050,Card
ORD1188,8/13/2025,ST005,Houston,South,PRD674,Traditional Sweets,Furniture,Sweets,CUST2246,Patriot JJJJ,Consumer,David Wilson,5,800,0,4000,3000,1000,Online
ORD1189,8/14/2025,ST006,Houston,West,PRD750,Sports Tiranga Run,Sports,Event,CUST2247,Patriot KKKK,Consumer,Daniel Miller,10,1200,5,11400,8700,2700,Card
ORD1190,8/14/2025,ST006,Houston,West,PRD751,Marathon Kit,Sports,Fitness,CUST2248,Patriot LLLL,Consumer,Daniel Miller,8,1800,0,14400,11000,3400,Online
ORD1191,8/15/2025,ST001,New York,West,PRD299,Independence Day Mega Sale,Electronics,Festive,CUST2249,Citizen MMMM,Consumer,John Smith,4,15000,15,51000,39000,12000,Card
ORD1192,8/15/2025,ST001,New York,West,PRD300,15th August Special,Electronics,Festive,CUST2250,Citizen NNNN,Consumer,John Smith,3,28000,18,68880,53000,15880,Online
ORD1193,8/16/2025,ST002,Los Angeles,North,PRD395,Post-Independence Sale,Clothing,Sale,CUST2251,Shopper OOOO,Consumer,Emily Johnson,5,2500,12,11000,8400,2600,Card
ORD1194,8/16/2025,ST002,Los Angeles,North,PRD396,Clearance Stock,Clothing,Sale,CUST2252,Shopper PPPP,Consumer,Emily Johnson,4,1800,15,6120,4700,1420,Cash
ORD1195,8/17/2025,ST003,Chicago,South,PRD487,Weekend Special,Electronics,Sale,CUST2253,Shopper QQQQ,Consumer,Michael Brown,2,22000,8,40480,31000,9480,Card
ORD1196,8/17/2025,ST003,Chicago,South,PRD488,Student Offer,Electronics,Sale,CUST2254,Student RRRR,Consumer,Michael Brown,1,45000,10,40500,31000,9500,Online
ORD1197,8/18/2025,ST004,Houston,East,PRD759,Pujo Shopping Start,Furniture,Festive,CUST2255,Shopper SSSS,Consumer,Jessica Davis,2,28000,8,51520,39500,12020,Card
ORD1198,8/18/2025,ST004,Houston,East,PRD760,Durga Puja Advance,Furniture,Festive,CUST2256,Shopper TTTT,Consumer,Jessica Davis,3,15000,5,42750,33000,9750,Cash
ORD1199,8/19/2025,ST005,Houston,South,PRD675,Onam Special Start,Furniture,Festive,CUST2257,Malayali UUUU,Consumer,David Wilson,4,2500,8,9200,7000,2200,Card
ORD1200,8/19/2025,ST005,Houston,South,PRD676,Onam Sadhya Pack,Furniture,Festive,CUST2258,Malayali VVVV,Consumer,David Wilson,3,1800,5,5130,3900,1230,Online
ORD1201,8/20/2025,ST006,Houston,West,PRD752,Ganesh Festival Start,Sports,Events,CUST2259,Devotee WWWW,Consumer,Daniel Miller,5,1500,0,7500,5700,1800,Card
ORD1202,8/20/2025,ST006,Houston,West,PRD753,Ganesh Idol Decoration,Other,Religious,CUST2260,Devotee XXXX,Consumer,Daniel Miller,3,2200,5,6270,4800,1470,Online
ORD1203,8/21/2025,ST007,Houston,East,PRD761,Durga Puja Decor,Furniture,Festive,CUST2261,Bengali YYYY,Consumer,Jessica Davis,4,3500,0,14000,10700,3300,Card
ORD1204,8/21/2025,ST007,Houston,East,PRD762,Puja Pandal Supplies,Furniture,Festive,CUST2262,Bengali ZZZZ,Consumer,Jessica Davis,6,2800,8,15456,11800,3656,Cash
ORD1205,8/22/2025,ST008,Houston,East,PRD763,Puja Gift Items,Other,Gifts,CUST2263,Bengali AAAA1,Consumer,Jessica Davis,8,1200,5,9120,6900,2220,Card
ORD1206,8/22/2025,ST008,Houston,East,PRD764,Festive Home Decor,Furniture,Decor,CUST2264,Bengali BBBB1,Consumer,Jessica Davis,5,2200,0,11000,8400,2600,Online
ORD1207,8/23/2025,ST001,New York,West,PRD301,Ganesh Chaturthi Special,Electronics,Festive,CUST2265,Marathi CCCC1,Consumer,John Smith,2,18000,8,33120,25500,7620,Card
ORD1208,8/23/2025,ST001,New York,West,PRD302,Ganpati Decoration Lights,Electronics,Festive,CUST2266,Marathi DDDD1,Consumer,John Smith,4,2500,5,9500,7200,2300,Online
ORD1201,9/1/2025,ST001,New York,West,PRD303,Ganesh Festival Special,Electronics,Festive,CUST2269,Ganesh Bhakt A,Consumer,John Smith,3,15000,8,41400,32000,9400,Card
ORD1202,9/1/2025,ST001,New York,West,PRD304,Modak Maker Machine,Electronics,Appliances,CUST2270,Ganesh Bhakt B,Consumer,John Smith,2,3500,5,6650,5100,1550,Online
ORD1203,9/2/2025,ST002,Los Angeles,North,PRD399,Janmashtami Pooja Items,Other,Religious,CUST2271,Krishna Bhakt C,Consumer,Emily Johnson,5,1200,0,6000,4600,1400,Cash
ORD1204,9/2/2025,ST002,Los Angeles,North,PRD400,Mathura Peda Pack,Furniture,Sweets,CUST2272,Krishna Bhakt D,Consumer,Emily Johnson,4,800,0,3200,2400,800,Card
ORD1205,9/3/2025,ST003,Chicago,South,PRD489,Ganesha Idol,Other,Religious,CUST2273,Ganesh Bhakt E,Consumer,Michael Brown,2,5500,5,10450,8000,2450,Card
ORD1206,9/3/2025,ST003,Chicago,South,PRD490,Festive Decoration Lights,Electronics,Decor,CUST2274,Ganesh Bhakt F,Consumer,Michael Brown,4,1800,0,7200,5500,1700,Online
ORD1207,9/4/2025,ST004,Houston,East,PRD765,Durga Puja Advance Booking,Furniture,Festive,CUST2275,Pujo Lover G,Consumer,Jessica Davis,2,15000,8,27600,21000,6600,Card
ORD1208,9/4/2025,ST004,Houston,East,PRD766,Puja Pandal Furniture,Furniture,Festive,CUST2276,Pujo Lover H,Consumer,Jessica Davis,5,8500,10,38250,29000,9250,Cash
ORD1209,9/5/2025,ST005,Houston,South,PRD677,Onam Celebration Pack,Furniture,Festive,CUST2277,Onam Celebrator I,Consumer,David Wilson,3,2500,5,7125,5400,1725,Card
ORD1210,9/5/2025,ST005,Houston,South,PRD678,Kerala Specialities,Furniture,Regional,CUST2278,Onam Celebrator J,Consumer,David Wilson,4,1800,0,7200,5500,1700,Online
ORD1211,9/6/2025,ST006,Houston,West,PRD754,Ganesh Visarjan Kit,Other,Religious,CUST2279,Ganesh Bhakt K,Consumer,Daniel Miller,3,1500,0,4500,3400,1100,Card
ORD1212,9/6/2025,ST006,Houston,West,PRD755,Eco-friendly Ganesha,Other,Religious,CUST2280,Ganesh Bhakt L,Consumer,Daniel Miller,2,2200,5,4180,3200,980,Online
ORD1213,9/7/2025,ST007,Houston,East,PRD767,Teachers' Day Gifts,Furniture,Gifts,CUST2281,Student M,Consumer,Jessica Davis,3,3500,5,9975,7600,2375,Card
ORD1214,9/7/2025,ST007,Houston,East,PRD768,Study Table Gift,Furniture,Educational,CUST2282,Student N,Consumer,Jessica Davis,2,8500,0,17000,13000,4000,Cash
ORD1215,9/8/2025,ST008,Houston,East,PRD769,Teacher's Day Special,Furniture,Gifts,CUST2283,Student O,Consumer,Jessica Davis,1,12000,5,11400,8700,2700,Card
ORD1216,9/8/2025,ST008,Houston,East,PRD770,Bookshelf Gift,Furniture,Storage,CUST2284,Student P,Consumer,Jessica Davis,2,5500,0,11000,8400,2600,Online
ORD1217,9/9/2025,ST001,New York,West,PRD305,Teacher's Day Electronics,Electronics,Gifts,CUST2285,Student Q,Consumer,John Smith,2,15000,5,28500,22000,6500,Card
ORD1218,9/9/2025,ST001,New York,West,PRD306,Kindle Gift,Electronics,E-Readers,CUST2286,Student R,Consumer,John Smith,1,12000,0,12000,9200,2800,Online
ORD1219,9/10/2025,ST002,Los Angeles,North,PRD401,Teacher's Day Saree,Clothing,Women's Wear,CUST2287,Student S,Consumer,Emily Johnson,1,5500,5,5225,4000,1225,Card
ORD1220,9/10/2025,ST002,Los Angeles,North,PRD402,Formal Shirt Gift,Clothing,Men's Wear,CUST2288,Student T,Consumer,Emily Johnson,2,2800,0,5600,4200,1400,Cash
ORD1221,9/11/2025,ST003,Chicago,South,PRD491,Onam Sale Continues,Electronics,Festive,CUST2289,Shopper U,Consumer,Michael Brown,2,18000,10,32400,25000,7400,Card
ORD1222,9/11/2025,ST003,Chicago,South,PRD492,Festival Offers,Electronics,All,CUST2290,Shopper V,Consumer,Michael Brown,3,15000,8,41400,32000,9400,Online
ORD1223,9/12/2025,ST004,Houston,East,PRD771,Pujo Countdown Begins,Furniture,Festive,CUST2291,Pujo Lover W,Consumer,Jessica Davis,2,25000,12,44000,34000,10000,Card
ORD1224,9/12/2025,ST004,Houston,East,PRD772,Festive Home Makeover,Furniture,All,CUST2292,Pujo Lover X,Consumer,Jessica Davis,4,12000,8,44160,34000,10160,Cash
ORD1225,9/13/2025,ST005,Houston,South,PRD679,Onam Sadhya Special,Furniture,Festive,CUST2293,Onam Lover Y,Consumer,David Wilson,3,2800,0,8400,6400,2000,Card
ORD1226,9/13/2025,ST005,Houston,South,PRD680,Banana Chips Bulk,Furniture,Snacks,CUST2294,Onam Lover Z,Consumer,David Wilson,5,450,0,2250,1700,550,Online
ORD1227,9/14/2025,ST006,Houston,West,PRD756,Ganesh Festival Finale,Sports,Events,CUST2295,Ganesh Bhakt AA,Consumer,Daniel Miller,3,1800,5,5130,3900,1230,Card
ORD1228,9/14/2025,ST006,Houston,West,PRD757,Cultural Event Supplies,Sports,Equipment,CUST2296,Ganesh Bhakt BB,Consumer,Daniel Miller,4,1200,0,4800,3600,1200,Online
ORD1229,9/15/2025,ST007,Houston,East,PRD773,Pujo Shopping Spree,Furniture,Festive,CUST2297,Pujo Lover CC,Consumer,Jessica Davis,3,18000,10,48600,37000,11600,Card
ORD1230,9/15/2025,ST007,Houston,East,PRD774,Pandal Booking Advance,Furniture,Rental,CUST2298,Pujo Lover DD,Consumer,Jessica Davis,1,50000,5,47500,37000,10500,Cash
ORD1231,9/16/2025,ST008,Houston,East,PRD775,Puja Gift Items,Other,Gifts,CUST2299,Pujo Lover EE,Consumer,Jessica Davis,6,1500,0,9000,6800,2200,Card
ORD1232,9/16/2025,ST008,Houston,East,PRD776,Festive Home Decor,Furniture,Decor,CUST2300,Pujo Lover FF,Consumer,Jessica Davis,4,2800,5,10640,8100,2540,Online
ORD1233,9/17/2025,ST001,New York,West,PRD307,Ganesh Festival Clearance,Electronics,Festive,CUST2301,Shopper GG,Consumer,John Smith,3,8000,15,20400,15600,4800,Card
ORD1234,9/17/2025,ST001,New York,West,PRD308,End of Festival Sale,Electronics,All,CUST2302,Shopper HH,Consumer,John Smith,2,15000,12,26400,20000,6400,Online
ORD1235,9/18/2025,ST002,Los Angeles,North,PRD403,Navratri Prep Starts,Clothing,Ethnic Wear,CUST2303,Garba Lover II,Consumer,Emily Johnson,4,3500,8,12880,9800,3080,Card
ORD1236,9/18/2025,ST002,Los Angeles,North,PRD404,Chaniya Choli Collection,Clothing,Women's Wear,CUST2304,Garba Lover JJ,Consumer,Emily Johnson,3,5500,5,15675,12000,3675,Cash
ORD1237,9/19/2025,ST003,Chicago,South,PRD493,Dussehra Advance,Electronics,Festive,CUST2305,Festival Shopper KK,Consumer,Michael Brown,2,22000,8,40480,31000,9480,Card
ORD1238,9/19/2025,ST003,Chicago,South,PRD494,Navratri Special Offers,Electronics,All,CUST2306,Festival Shopper LL,Consumer,Michael Brown,3,12000,5,34200,26000,8200,Online
ORD1239,9/20/2025,ST004,Houston,East,PRD777,Mahalaya Special,Furniture,Festive,CUST2307,Pujo Lover MM,Consumer,Jessica Davis,2,15000,8,27600,21000,6600,Card
ORD1240,9/20/2025,ST004,Houston,East,PRD778,Pujo Countdown,Furniture,All,CUST2308,Pujo Lover NN,Consumer,Jessica Davis,3,8500,5,24225,18500,5725,Cash
ORD1241,9/21/2025,ST005,Houston,South,PRD681,Navratri Sweets,Furniture,Sweets,CUST2309,Festival Lover OO,Consumer,David Wilson,4,650,0,2600,2000,600,Card
ORD1242,9/21/2025,ST005,Houston,South,PRD682,Festival Snacks Pack,Furniture,Snacks,CUST2310,Festival Lover PP,Consumer,David Wilson,5,450,0,2250,1700,550,Online
ORD1243,9/22/2025,ST006,Houston,West,PRD758,Garba Night Special,Sports,Events,CUST2311,Garba Lover QQ,Consumer,Daniel Miller,4,1800,5,6840,5200,1640,Card
ORD1244,9/22/2025,ST006,Houston,West,PRD759,Dandiya Sticks Set,Sports,Equipment,CUST2312,Garba Lover RR,Consumer,Daniel Miller,6,800,0,4800,3600,1200,Online
ORD1245,9/23/2025,ST007,Houston,East,PRD779,Pujo Pandhal Booking,Furniture,Rental,CUST2313,Organizer SS,Corporate,Jessica Davis,2,75000,10,135000,105000,30000,Card
ORD1246,9/23/2025,ST007,Houston,East,PRD780,Community Puja Order,Furniture,Bulk,CUST2314,Organizer TT,Corporate,Jessica Davis,5,35000,12,154000,120000,34000,Online
ORD1247,9/24/2025,ST008,Houston,East,PRD781,Puja Gift Hamper,Other,Gifts,CUST2315,Corporate UU,Corporate,Jessica Davis,25,2500,15,53125,40000,13125,Card
ORD1248,9/24/2025,ST008,Houston,East,PRD782,Employee Diwali Advance,Other,Gifts,CUST2316,Corporate VV,Corporate,Jessica Davis,50,1800,12,79200,60000,19200,Online
ORD1249,9/25/2025,ST001,New York,West,PRD309,Corporate Navratri Gifts,Electronics,Gifts,CUST2317,Corporate WW,Corporate,John Smith,15,5500,10,74250,56000,18250,Card
ORD1250,9/25/2025,ST001,New York,West,PRD310,Office Diwali Planning,Electronics,Bulk,CUST2318,Corporate XX,Corporate,John Smith,20,3500,8,64400,49000,15400,Online
ORD1251,9/26/2025,ST002,Los Angeles,North,PRD405,Navratri Corporate Gifts,Clothing,Gifts,CUST2319,Corporate YY,Corporate,Emily Johnson,30,2200,12,58080,44000,14080,Card
ORD1252,9/26/2025,ST002,Los Angeles,North,PRD406,Festival Advance Booking,Clothing,Bulk,CUST2320,Corporate ZZ,Corporate,Emily Johnson,40,1800,10,64800,49000,15800,Cash
ORD1253,9/27/2025,ST003,Chicago,South,PRD495,Corporate Dussehra Gifts,Electronics,Gifts,CUST2321,Corporate AAA,Corporate,Michael Brown,12,8500,8,93840,72000,21840,Card
ORD1254,9/27/2025,ST003,Chicago,South,PRD496,Bulk Order Festival,Electronics,Bulk,CUST2322,Corporate BBB,Corporate,Michael Brown,8,15000,10,108000,83000,25000,Online
ORD1255,9/28/2025,ST004,Houston,East,PRD783,Pujo Corporate Gifts,Furniture,Gifts,CUST2323,Corporate CCC,Corporate,Jessica Davis,10,12000,12,105600,82000,23600,Card
ORD1256,9/28/2025,ST004,Houston,East,PRD784,Office Puja Gift,Furniture,Gifts,CUST2324,Corporate DDD,Corporate,Jessica Davis,15,5500,8,75900,58000,17900,Cash
ORD1257,9/29/2025,ST005,Houston,South,PRD683,Navratri Corporate Sweets,Furniture,Gifts,CUST2325,Corporate EEE,Corporate,David Wilson,25,1200,10,27000,20000,7000,Card
ORD1258,9/29/2025,ST005,Houston,South,PRD684,Festival Snacks Bulk,Furniture,Bulk,CUST2326,Corporate FFF,Corporate,David Wilson,30,800,8,22080,17000,5080,Online
ORD1259,9/30/2025,ST006,Houston,West,PRD760,Corporate Dandiya Event,Sports,Events,CUST2327,Corporate GGG,Corporate,Daniel Miller,20,1500,10,27000,20000,7000,Card
ORD1260,9/30/2025,ST006,Houston,West,PRD761,Team Building Activity,Sports,Events,CUST2328,Corporate HHH,Corporate,Daniel Miller,15,2200,8,30360,23000,7360,Online
ORD1261,10/1/2025,ST001,New York,West,PRD311,Navratri Dandiya Nights,Electronics,Events,CUST2329,Garba Lover III,Consumer,John Smith,4,2500,5,9500,7200,2300,Card
ORD1262,10/1/2025,ST001,New York,West,PRD312,Portable Speaker,Electronics,Audio,CUST2330,Garba Lover JJJ,Consumer,John Smith,2,5500,0,11000,8400,2600,Online
ORD1263,10/2/2025,ST002,Los Angeles,North,PRD407,Navratri Fasting Food,Furniture,Special,CUST2331,Fasting KKK,Consumer,Emily Johnson,5,1200,0,6000,4600,1400,Cash
ORD1264,10/2/2025,ST002,Los Angeles,North,PRD408,Sabudana Special Pack,Furniture,Fasting,CUST2332,Fasting LLL,Consumer,Emily Johnson,4,450,0,1800,1300,500,Card
ORD1265,10/3/2025,ST003,Chicago,South,PRD497,Dussehra Shopping,Electronics,Festive,CUST2333,Shopper MMM,Consumer,Michael Brown,2,28000,8,51520,40000,11520,Card
ORD1266,10/3/2025,ST003,Chicago,South,PRD498,Festival Combo Offers,Electronics,All,CUST2334,Shopper NNN,Consumer,Michael Brown,3,12000,5,34200,26000,8200,Online
ORD1267,10/4/2025,ST004,Houston,East,PRD785,Shashti Puja Shopping,Furniture,Festive,CUST2335,Pujo Lover OOO,Consumer,Jessica Davis,2,22000,10,39600,30000,9600,Card
ORD1268,10/4/2025,ST004,Houston,East,PRD786,Pujo Home Decoration,Furniture,Decor,CUST2336,Pujo Lover PPP,Consumer,Jessica Davis,4,5500,5,20900,16000,4900,Cash
ORD1269,10/5/2025,ST005,Houston,South,PRD685,Navratri Golu Dolls,Other,Festive,CUST2337,Golu Set QQQ,Consumer,David Wilson,3,2500,0,7500,5700,1800,Card
ORD1270,10/5/2025,ST005,Houston,South,PRD686,Golu Steps,Furniture,Festive,CUST2338,Golu Set RRR,Consumer,David Wilson,2,3500,5,6650,5000,1650,Online
ORD1271,10/6/2025,ST006,Houston,West,PRD762,Navratri Final Day,Sports,Events,CUST2339,Garba Lover SSS,Consumer,Daniel Miller,3,1800,0,5400,4100,1300,Card
ORD1272,10/6/2025,ST006,Houston,West,PRD763,Garba Competition Prize,Sports,Awards,CUST2340,Garba Lover TTT,Consumer,Daniel Miller,5,1200,5,5700,4300,1400,Online
ORD1273,10/7/2025,ST007,Houston,East,PRD787,Maha Ashtami Special,Furniture,Festive,CUST2341,Pujo Lover UUU,Consumer,Jessica Davis,2,28000,8,51520,39500,12020,Card
ORD1274,10/7/2025,ST007,Houston,East,PRD788,Puja Offer,Furniture,Festive,CUST2342,Pujo Lover VVV,Consumer,Jessica Davis,3,15000,5,42750,33000,9750,Cash
ORD1275,10/8/2025,ST008,Houston,East,PRD789,Maha Navami Shopping,Furniture,Festive,CUST2343,Pujo Lover WWW,Consumer,Jessica Davis,2,22000,10,39600,30000,9600,Card
ORD1276,10/8/2025,ST008,Houston,East,PRD790,Pandal Hopping Special,Other,Festive,CUST2344,Pujo Lover XXX,Consumer,Jessica Davis,4,3500,0,14000,10700,3300,Online
ORD1277,10/9/2025,ST001,New York,West,PRD313,Dussehra Special,Electronics,Festive,CUST2345,Ravan Dahan YYY,Consumer,John Smith,2,18000,8,33120,25500,7620,Card
ORD1278,10/9/2025,ST001,New York,West,PRD314,Effigy Making Materials,Other,Festive,CUST2346,Ravan Dahan ZZZ,Consumer,John Smith,5,1500,0,7500,5600,1900,Online
ORD1279,10/10/2025,ST002,Los Angeles,North,PRD409,Dussehra Mela,Clothing,Festive,CUST2347,Festival AAAA,Consumer,Emily Johnson,4,3200,5,12160,9300,2860,Card
ORD1280,10/10/2025,ST002,Los Angeles,North,PRD410,Ravan Effigy,Other,Festive,CUST2348,Festival BBBB,Consumer,Emily Johnson,1,5000,0,5000,3800,1200,Cash
ORD1281,10/11/2025,ST003,Chicago,South,PRD499,Mysore Dasara Special,Electronics,Festive,CUST2349,Dasara CCCC,Consumer,Michael Brown,2,15000,5,28500,22000,6500,Card
ORD1282,10/11/2025,ST003,Chicago,South,PRD500,Dasara Sale,Electronics,All,CUST2350,Dasara DDDD,Consumer,Michael Brown,3,8500,8,23460,18000,5460,Online
ORD1283,10/12/2025,ST004,Houston,East,PRD791,Dashami Pujo Shopping,Furniture,Festive,CUST2351,Vijaya EEEE,Consumer,Jessica Davis,2,28000,10,50400,39000,11400,Card
ORD1284,10/12/2025,ST004,Houston,East,PRD792,Sindur Khela Items,Other,Festive,CUST2352,Vijaya FFFF,Consumer,Jessica Davis,4,1200,0,4800,3600,1200,Cash
ORD1285,10/13/2025,ST005,Houston,South,PRD687,Ayudha Pooja Special,Electronics,Festive,CUST2353,Tools GGGG,Consumer,David Wilson,2,5500,5,10450,8000,2450,Card
ORD1286,10/13/2025,ST005,Houston,South,PRD688,Vehicle Pooja Kit,Other,Religious,CUST2354,Vehicle HHHH,Consumer,David Wilson,3,800,0,2400,1800,600,Online
ORD1287,10/14/2025,ST006,Houston,West,PRD764,Dussehra Victory Celebration,Sports,Events,CUST2355,Victory IIII,Consumer,Daniel Miller,4,1500,5,5700,4300,1400,Card
ORD1288,10/14/2025,ST006,Houston,West,PRD765,Sports Awards Function,Sports,Events,CUST2356,Victory JJJJ,Consumer,Daniel Miller,6,1200,0,7200,5400,1800,Online
ORD1289,10/15/2025,ST007,Houston,East,PRD793,Post-Pujo Clearance,Furniture,Sale,CUST2357,Shopper KKKK,Consumer,Jessica Davis,3,15000,15,38250,29000,9250,Card
ORD1290,10/15/2025,ST007,Houston,East,PRD794,Pujo Leftover Stock,Furniture,Sale,CUST2358,Shopper LLLL,Consumer,Jessica Davis,4,8500,12,29920,23000,6920,Cash
ORD1291,10/16/2025,ST008,Houston,East,PRD795,Diwali Planning Starts,Furniture,Festive,CUST2359,Diwali MMMM,Consumer,Jessica Davis,2,22000,8,40480,31000,9480,Card
ORD1292,10/16/2025,ST008,Houston,East,PRD796,Home Decoration Lights,Electronics,Decor,CUST2360,Diwali NNNN,Consumer,Jessica Davis,5,2800,5,13300,10000,3300,Online
ORD1293,10/17/2025,ST001,New York,West,PRD315,Diwali Advance Booking,Electronics,Festive,CUST2361,Diwali OOOO,Consumer,John Smith,2,25000,8,46000,35000,11000,Card
ORD1294,10/17/2025,ST001,New York,West,PRD316,Festival Discount Voucher,Electronics,Offers,CUST2362,Diwali PPPP,Consumer,John Smith,3,12000,10,32400,25000,7400,Online
ORD1295,10/18/2025,ST002,Los Angeles,North,PRD411,Diwali Clothing Advance,Clothing,Festive,CUST2363,Diwali QQQQ,Consumer,Emily Johnson,4,4500,8,16560,12600,3960,Card
ORD1296,10/18/2025,ST002,Los Angeles,North,PRD412,Family Diwali Dress,Clothing,Ethnic Wear,CUST2364,Diwali RRRR,Consumer,Emily Johnson,5,3500,5,16625,12700,3925,Cash
ORD1297,10/19/2025,ST003,Chicago,South,PRD501,Diwali Gadgets Offer,Electronics,Festive,CUST2365,Diwali SSSS,Consumer,Michael Brown,2,18000,8,33120,25500,7620,Card
ORD1298,10/19/2025,ST003,Chicago,South,PRD502,Home Appliance Sale,Electronics,Appliances,CUST2366,Diwali TTTT,Consumer,Michael Brown,3,12000,5,34200,26000,8200,Online
ORD1299,10/20/2025,ST004,Houston,East,PRD797,Diwali Pooja Items,Other,Religious,CUST2367,Diwali UUUU,Consumer,Jessica Davis,4,1800,0,7200,5400,1800,Card
ORD1300,10/20/2025,ST004,Houston,East,PRD798,Diyas and Candles,Other,Decor,CUST2368,Diwali VVVV,Consumer,Jessica Davis,10,350,0,3500,2600,900,Cash
ORD1301,10/21/2025,ST005,Houston,South,PRD689,Diwali Sweets Box,Furniture,Sweets,CUST2369,Diwali WWWW,Consumer,David Wilson,5,850,0,4250,3200,1050,Card
ORD1302,10/21/2025,ST005,Houston,South,PRD690,Dry Fruits Gift Pack,Furniture,Gifts,CUST2370,Diwali XXXX,Consumer,David Wilson,4,1500,5,5700,4300,1400,Online
ORD1303,10/22/2025,ST006,Houston,West,PRD766,Diwali Sports Gifts,Sports,Gifts,CUST2371,Diwali YYYY,Consumer,Daniel Miller,3,2800,5,7980,6100,1880,Card
ORD1304,10/22/2025,ST006,Houston,West,PRD767,Fitness Equipment Gift,Sports,Fitness,CUST2372,Diwali ZZZZ,Consumer,Daniel Miller,2,5500,0,11000,8400,2600,Online
ORD1305,10/23/2025,ST007,Houston,East,PRD799,Diwali Home Makeover,Furniture,Festive,CUST2373,Diwali AAAA1,Consumer,Jessica Davis,3,15000,8,41400,32000,9400,Card
ORD1301,11/1/2025,ST001,New York,West,PRD317,Diwali Dhamaka Offer,Electronics,Festive,CUST2375,Diwali Shopper A,Consumer,John Smith,3,22000,12,58080,45000,13080,Card
ORD1302,11/1/2025,ST001,New York,West,PRD318,Festival Bonanza,Electronics,All,CUST2376,Diwali Shopper B,Consumer,John Smith,2,35000,15,59500,46000,13500,Online
ORD1303,11/2/2025,ST002,Los Angeles,North,PRD413,Diwali Ethnic Wear,Clothing,Festive,CUST2377,Diwali Shopper C,Consumer,Emily Johnson,4,5500,8,20240,15500,4740,Card
ORD1304,11/2/2025,ST002,Los Angeles,North,PRD414,Family Pack Clothing,Clothing,All,CUST2378,Diwali Shopper D,Consumer,Emily Johnson,5,3800,5,18050,13800,4250,Cash
ORD1305,11/3/2025,ST003,Chicago,South,PRD503,Diwali TV Sale,Electronics,Televisions,CUST2379,Diwali Shopper E,Consumer,Michael Brown,2,42000,10,75600,58000,17600,Card
ORD1306,11/3/2025,ST003,Chicago,South,PRD504,Home Theatre System,Electronics,Audio,CUST2380,Diwali Shopper F,Consumer,Michael Brown,1,35000,8,32200,25000,7200,Online
ORD1307,11/4/2025,ST004,Houston,East,PRD801,Diwali Special Furniture,Furniture,Festive,CUST2381,Diwali Shopper G,Consumer,Jessica Davis,2,28000,10,50400,39000,11400,Card
ORD1308,11/4/2025,ST004,Houston,East,PRD802,Sofa Set Diwali Offer,Furniture,Seating,CUST2382,Diwali Shopper H,Consumer,Jessica Davis,1,45000,12,39600,30500,9100,Cash
ORD1309,11/5/2025,ST005,Houston,South,PRD691,Diwali Sweets Bulk,Furniture,Sweets,CUST2383,Diwali Shopper I,Consumer,David Wilson,8,850,5,6460,4900,1560,Card
ORD1310,11/5/2025,ST005,Houston,South,PRD692,Dry Fruits Combo,Furniture,Gifts,CUST2384,Diwali Shopper J,Consumer,David Wilson,6,1200,0,7200,5500,1700,Online
ORD1311,11/6/2025,ST006,Houston,West,PRD768,Diwali Sports Kit,Sports,Gifts,CUST2385,Diwali Shopper K,Consumer,Daniel Miller,3,3500,5,9975,7600,2375,Card
ORD1312,11/6/2025,ST006,Houston,West,PRD769,Fitness Equipment,Sports,Fitness,CUST2386,Diwali Shopper L,Consumer,Daniel Miller,2,5500,8,10120,7800,2320,Online
ORD1313,11/7/2025,ST007,Houston,East,PRD803,Lakshmi Puja Special,Furniture,Festive,CUST2387,Diwali Shopper M,Consumer,Jessica Davis,2,15000,5,28500,22000,6500,Card
ORD1314,11/7/2025,ST007,Houston,East,PRD804,Puja Room Decor,Furniture,Decor,CUST2388,Diwali Shopper N,Consumer,Jessica Davis,4,3500,0,14000,10700,3300,Cash
ORD1315,11/8/2025,ST008,Houston,East,PRD805,Diwali Puja Items,Other,Religious,CUST2389,Diwali Shopper O,Consumer,Jessica Davis,5,1500,0,7500,5700,1800,Card
ORD1316,11/8/2025,ST008,Houston,East,PRD806,Diyas & Candles Bulk,Other,Decor,CUST2390,Diwali Shopper P,Consumer,Jessica Davis,12,350,0,4200,3200,1000,Online
ORD1317,11/9/2025,ST001,New York,West,PRD319,Diwali Gift Vouchers,Electronics,Gifts,CUST2391,Diwali Shopper Q,Consumer,John Smith,5,5000,0,25000,19000,6000,Card
ORD1318,11/9/2025,ST001,New York,West,PRD320,Smart Watch Gift,Electronics,Wearables,CUST2392,Diwali Shopper R,Consumer,John Smith,3,18000,8,49680,38000,11680,Online
ORD1319,11/10/2025,ST002,Los Angeles,North,PRD415,Bandi Chor Diwas,Clothing,Festive,CUST2393,Sikh Devotee S,Consumer,Emily Johnson,2,6500,5,12350,9500,2850,Card
ORD1320,11/10/2025,ST002,Los Angeles,North,PRD416,Gurpurab Special,Clothing,Religious,CUST2394,Sikh Devotee T,Consumer,Emily Johnson,3,3800,0,11400,8700,2700,Cash
ORD1321,11/11/2025,ST003,Chicago,South,PRD505,Diwali Clearance Sale,Electronics,Sale,CUST2395,Diwali Shopper U,Consumer,Michael Brown,2,28000,15,47600,36500,11100,Card
ORD1322,11/11/2025,ST003,Chicago,South,PRD506,Post-Diwali Offers,Electronics,All,CUST2396,Diwali Shopper V,Consumer,Michael Brown,3,12000,12,31680,24000,7680,Online
ORD1323,11/12/2025,ST004,Houston,East,PRD807,Bhai Dooj Special,Furniture,Gifts,CUST2397,Bhai Dooj W,Consumer,Jessica Davis,2,8500,5,16150,12400,3750,Card
ORD1324,11/12/2025,ST004,Houston,East,PRD808,Rakhi Return Gift,Furniture,Gifts,CUST2398,Bhai Dooj X,Consumer,Jessica Davis,3,5500,0,16500,12600,3900,Cash
ORD1325,11/13/2025,ST005,Houston,South,PRD693,Diwali Leftover Stock,Furniture,Sale,CUST2399,Diwali Shopper Y,Consumer,David Wilson,4,1200,10,4320,3300,1020,Card
ORD1326,11/13/2025,ST005,Houston,South,PRD694,Festival End Sale,Furniture,All,CUST2400,Diwali Shopper Z,Consumer,David Wilson,5,850,8,3910,3000,910,Online
ORD1327,11/14/2025,ST006,Houston,West,PRD770,Children's Day Special,Sports,Kids,CUST2401,Child AA,Consumer,Daniel Miller,4,1800,8,6624,5000,1624,Card
ORD1328,11/14/2025,ST006,Houston,West,PRD771,Kids Sports Kit,Sports,Kids,CUST2402,Child BB,Consumer,Daniel Miller,3,2800,5,7980,6100,1880,Online
ORD1329,11/15/2025,ST007,Houston,East,PRD809,Children's Day Furniture,Furniture,Kids,CUST2403,Child CC,Consumer,Jessica Davis,2,12000,5,22800,17500,5300,Card
ORD1330,11/15/2025,ST007,Houston,East,PRD810,Kids Study Table,Furniture,Kids,CUST2404,Child DD,Consumer,Jessica Davis,3,5500,0,16500,12600,3900,Cash
ORD1331,11/16/2025,ST008,Houston,East,PRD811,Children's Day Gifts,Other,Gifts,CUST2405,Child EE,Consumer,Jessica Davis,5,1200,5,5700,4300,1400,Card
ORD1332,11/16/2025,ST008,Houston,East,PRD812,Toy Storage Furniture,Furniture,Storage,CUST2406,Child FF,Consumer,Jessica Davis,2,8500,0,17000,13000,4000,Online
ORD1333,11/17/2025,ST001,New York,West,PRD321,Children's Day Electronics,Electronics,Kids,CUST2407,Child GG,Consumer,John Smith,3,8500,5,24225,18500,5725,Card
ORD1334,11/17/2025,ST001,New York,West,PRD322,Kids Tablet,Electronics,Tablets,CUST2408,Child HH,Consumer,John Smith,2,15000,0,30000,23000,7000,Online
ORD1335,11/18/2025,ST002,Los Angeles,North,PRD417,Winter Collection Launch,Clothing,Winter Wear,CUST2409,Winter Shopper II,Consumer,Emily Johnson,4,3500,8,12880,9800,3080,Card
ORD1336,11/18/2025,ST002,Los Angeles,North,PRD418,Sweaters & Jackets,Clothing,Winter Wear,CUST2410,Winter Shopper JJ,Consumer,Emily Johnson,3,4500,5,12825,9800,3025,Cash
ORD1337,11/19/2025,ST003,Chicago,South,PRD507,Winter Electronics,Electronics,Seasonal,CUST2411,Winter Shopper KK,Consumer,Michael Brown,2,28000,5,53200,41000,12200,Card
ORD1338,11/19/2025,ST003,Chicago,South,PRD508,Room Heater,Electronics,Appliances,CUST2412,Winter Shopper LL,Consumer,Michael Brown,3,5500,0,16500,12600,3900,Online
ORD1339,11/20/2025,ST004,Houston,East,PRD813,Winter Furniture,Furniture,Seasonal,CUST2413,Winter Shopper MM,Consumer,Jessica Davis,2,15000,8,27600,21000,6600,Card
ORD1340,11/20/2025,ST004,Houston,East,PRD814,Cozy Bean Bags,Furniture,Seating,CUST2414,Winter Shopper NN,Consumer,Jessica Davis,4,3500,5,13300,10200,3100,Cash
ORD1341,11/21/2025,ST005,Houston,South,PRD695,Winter Grocery,Furniture,Seasonal,CUST2415,Winter Shopper OO,Consumer,David Wilson,5,1200,0,6000,4600,1400,Card
ORD1342,11/21/2025,ST005,Houston,South,PRD696,Dry Fruits for Winter,Furniture,Health,CUST2416,Winter Shopper PP,Consumer,David Wilson,4,1500,0,6000,4600,1400,Online
ORD1343,11/22/2025,ST006,Houston,West,PRD772,Winter Sports Gear,Sports,Seasonal,CUST2417,Winter Shopper QQ,Consumer,Daniel Miller,3,2800,5,7980,6100,1880,Card
ORD1344,11/22/2025,ST006,Houston,West,PRD773,Trekking Winter Wear,Sports,Apparel,CUST2418,Winter Shopper RR,Consumer,Daniel Miller,2,4500,0,9000,6900,2100,Online
ORD1345,11/23/2025,ST007,Houston,East,PRD815,Black Friday Sale,Furniture,Sale,CUST2419,Black Friday SS,Consumer,Jessica Davis,3,15000,20,36000,27500,8500,Card
ORD1346,11/23/2025,ST007,Houston,East,PRD816,Cyber Monday Preview,Furniture,Sale,CUST2420,Black Friday TT,Consumer,Jessica Davis,2,28000,15,47600,36500,11100,Cash
ORD1347,11/24/2025,ST008,Houston,East,PRD817,Black Friday Electronics,Electronics,Sale,CUST2421,Black Friday UU,Consumer,Jessica Davis,2,42000,18,68880,53000,15880,Card
ORD1348,11/24/2025,ST008,Houston,East,PRD818,TV Black Friday Offer,Electronics,Televisions,CUST2422,Black Friday VV,Consumer,Jessica Davis,1,55000,20,44000,34000,10000,Online
ORD1349,11/25/2025,ST001,New York,West,PRD323,Black Friday Electronics,Electronics,Sale,CUST2423,Black Friday WW,Consumer,John Smith,3,25000,15,63750,49000,14750,Card
ORD1350,11/25/2025,ST001,New York,West,PRD324,Laptop Black Friday,Electronics,Computers,CUST2424,Black Friday XX,Consumer,John Smith,2,65000,12,114400,88000,26400,Online
ORD1351,11/26/2025,ST002,Los Angeles,North,PRD419,Black Friday Clothing,Clothing,Sale,CUST2425,Black Friday YY,Consumer,Emily Johnson,5,2800,20,11200,8500,2700,Card
ORD1352,11/26/2025,ST002,Los Angeles,North,PRD420,Winter Wear Black Friday,Clothing,Winter Wear,CUST2426,Black Friday ZZ,Consumer,Emily Johnson,4,3500,15,11900,9100,2800,Cash
ORD1353,11/27/2025,ST003,Chicago,South,PRD509,Black Friday Gadgets,Electronics,Sale,CUST2427,Black Friday AAA,Consumer,Michael Brown,3,18000,12,47520,36500,11020,Card
ORD1354,11/27/2025,ST003,Chicago,South,PRD510,Smart Watch Offer,Electronics,Wearables,CUST2428,Black Friday BBB,Consumer,Michael Brown,2,22000,10,39600,30000,9600,Online
ORD1355,11/28/2025,ST004,Houston,East,PRD819,Cyber Monday Furniture,Furniture,Sale,CUST2429,Cyber Monday CCC,Consumer,Jessica Davis,2,35000,12,61600,47000,14600,Card
ORD1356,11/28/2025,ST004,Houston,East,PRD820,Office Chair Offer,Furniture,Chairs,CUST2430,Cyber Monday DDD,Consumer,Jessica Davis,4,8500,10,30600,23500,7100,Cash
ORD1357,11/29/2025,ST005,Houston,South,PRD697,Cyber Monday Grocery,Furniture,Sale,CUST2431,Cyber Monday EEE,Consumer,David Wilson,6,1200,8,6624,5000,1624,Card
ORD1358,11/29/2025,ST005,Houston,South,PRD698,Bulk Snacks Offer,Furniture,Snacks,CUST2432,Cyber Monday FFF,Consumer,David Wilson,5,850,10,3825,2900,925,Online
ORD1359,11/30/2025,ST006,Houston,West,PRD774,Cyber Monday Sports,Sports,Sale,CUST2433,Cyber Monday GGG,Consumer,Daniel Miller,3,3500,12,9240,7000,2240,Card
ORD1360,11/30/2025,ST006,Houston,West,PRD775,Fitness Equipment Sale,Sports,Fitness,CUST2434,Cyber Monday HHH,Consumer,Daniel Miller,2,5500,8,10120,7800,2320,Online
ORD1361,12/1/2025,ST001,New York,West,PRD325,December Mega Sale,Electronics,Sale,CUST2435,December Shopper III,Consumer,John Smith,3,22000,10,59400,45000,14400,Card
ORD1362,12/1/2025,ST001,New York,West,PRD326,Christmas Preview,Electronics,Festive,CUST2436,December Shopper JJJ,Consumer,John Smith,2,35000,8,64400,49000,15400,Online
ORD1363,12/2/2025,ST002,Los Angeles,North,PRD421,Winter Clearance,Clothing,Sale,CUST2437,December Shopper KKK,Consumer,Emily Johnson,4,2800,15,9520,7200,2320,Card
ORD1364,12/2/2025,ST002,Los Angeles,North,PRD422,Christmas Wear,Clothing,Festive,CUST2438,December Shopper LLL,Consumer,Emily Johnson,3,3500,5,9975,7600,2375,Cash
ORD1365,12/3/2025,ST003,Chicago,South,PRD511,Year End Sale,Electronics,Sale,CUST2439,December Shopper MMM,Consumer,Michael Brown,2,28000,12,49280,38000,11280,Card
ORD1366,12/3/2025,ST003,Chicago,South,PRD512,Christmas Gadgets,Electronics,Gifts,CUST2440,December Shopper NNN,Consumer,Michael Brown,3,15000,8,41400,32000,9400,Online
ORD1367,12/4/2025,ST004,Houston,East,PRD821,Christmas Furniture,Furniture,Festive,CUST2441,December Shopper OOO,Consumer,Jessica Davis,2,22000,5,41800,32000,9800,Card
ORD1368,12/4/2025,ST004,Houston,East,PRD822,New Year Decor,Furniture,Decor,CUST2442,December Shopper PPP,Consumer,Jessica Davis,4,3500,0,14000,10700,3300,Cash
ORD1369,12/5/2025,ST005,Houston,South,PRD699,Christmas Grocery,Furniture,Festive,CUST2443,December Shopper QQQ,Consumer,David Wilson,5,1200,5,5700,4300,1400,Card
ORD1370,12/5/2025,ST005,Houston,South,PRD700,Cake & Cookies,Furniture,Bakery,CUST2444,December Shopper RRR,Consumer,David Wilson,4,650,0,2600,2000,600,Online
ORD1371,12/6/2025,ST006,Houston,West,PRD776,Christmas Sports Gift,Sports,Gifts,CUST2445,December Shopper SSS,Consumer,Daniel Miller,3,2800,5,7980,6100,1880,Card
ORD1372,12/6/2025,ST006,Houston,West,PRD777,New Year Fitness Goal,Sports,Fitness,CUST2446,December Shopper TTT,Consumer,Daniel Miller,2,5500,0,11000,8400,2600,Online
ORD1373,12/7/2025,ST007,Houston,East,PRD823,Christmas Tree & Decor,Furniture,Festive,CUST2447,December Shopper UUU,Consumer,Jessica Davis,3,4500,8,12420,9500,2920,Card
ORD1374,12/7/2025,ST007,Houston,East,PRD824,Lights & Ornaments,Electronics,Decor,CUST2448,December Shopper VVV,Consumer,Jessica Davis,5,1500,5,7125,5400,1725,Cash
ORD1375,12/8/2025,ST008,Houston,East,PRD825,Christmas Gift Hampers,Other,Gifts,CUST2449,December Shopper WWW,Consumer,Jessica Davis,4,2500,0,10000,7600,2400,Card
ORD1376,12/8/2025,ST008,Houston,East,PRD826,New Year Party Supplies,Other,Party,CUST2450,December Shopper XXX,Consumer,Jessica Davis,6,1200,0,7200,5500,1700,Online
ORD1377,12/9/2025,ST001,New York,West,PRD327,Christmas Electronics,Electronics,Festive,CUST2451,December Shopper YYY,Consumer,John Smith,2,32000,8,58880,45000,13880,Card
ORD1378,12/9/2025,ST001,New York,West,PRD328,Party Speaker,Electronics,Audio,CUST2452,December Shopper ZZZ,Consumer,John Smith,1,15000,5,14250,11000,3250,Online
ORD1379,12/10/2025,ST002,Los Angeles,North,PRD423,Christmas Party Wear,Clothing,Festive,CUST2453,December Shopper AAAA,Consumer,Emily Johnson,3,4500,8,12420,9500,2920,Card
ORD1380,12/10/2025,ST002,Los Angeles,North,PRD424,Santa Claus Costume,Clothing,Costumes,CUST2454,December Shopper BBBB,Consumer,Emily Johnson,2,1800,0,3600,2700,900,Cash
ORD1381,12/11/2025,ST003,Chicago,South,PRD513,Christmas Week Sale,Electronics,Festive,CUST2455,December Shopper CCCC,Consumer,Michael Brown,2,42000,10,75600,58000,17600,Card
ORD1382,12/11/2025,ST003,Chicago,South,PRD514,New Year Tech Gifts,Electronics,Gifts,CUST2456,December Shopper DDDD,Consumer,Michael Brown,3,15000,5,42750,33000,9750,Online
ORD1383,12/12/2025,ST004,Houston,East,PRD827,Christmas Week Sale,Furniture,Festive,CUST2457,Christmas Buyer EEEE,Consumer,Jessica Davis,3,28000,12,73920,57000,16920,Card
ORD1384,12/12/2025,ST004,Houston,East,PRD828,New Year TV Offer,Furniture,Electronics,CUST2458,New Year Buyer FFFF,Consumer,Jessica Davis,2,45000,10,81000,62000,19000,Cash
ORD1385,12/13/2025,ST005,Houston,South,PRD701,Christmas Sweater,Clothing,Winter Wear,CUST2459,Christmas Buyer GGGG,Consumer,David Wilson,4,2500,5,9500,7200,2300,Card
ORD1386,12/13/2025,ST005,Houston,South,PRD702,Party Wear Dress,Clothing,Festive,CUST2460,Party Buyer HHHH,Consumer,David Wilson,3,3800,8,10488,8000,2488,Online
ORD1387,12/14/2025,ST006,Houston,West,PRD778,Christmas Gaming Console,Electronics,Gaming,CUST2461,Gamer IIII,Consumer,Daniel Miller,2,45000,8,82800,64000,18800,Card
ORD1388,12/14/2025,ST006,Houston,West,PRD779,VR Headset Gift,Electronics,Gaming,CUST2462,Gamer JJJJ,Consumer,Daniel Miller,1,32000,5,30400,23500,6900,Online
ORD1389,12/15/2025,ST007,Houston,East,PRD829,Christmas Dinner Set,Furniture,Dining,CUST2463,Party Host KKKK,Consumer,Jessica Davis,2,15000,8,27600,21000,6600,Card
ORD1390,12/15/2025,ST007,Houston,East,PRD830,Folding Table for Party,Furniture,Tables,CUST2464,Party Host LLLL,Consumer,Jessica Davis,4,3500,0,14000,10700,3300,Cash
ORD1391,12/16/2025,ST008,Houston,East,PRD831,Christmas Cake Pack,Furniture,Bakery,CUST2465,Foodie MMMM,Consumer,Jessica Davis,5,850,0,4250,3200,1050,Card
ORD1392,12/16/2025,ST008,Houston,East,PRD832,Party Snacks Combo,Furniture,Snacks,CUST2466,Party Host NNNN,Consumer,Jessica Davis,8,450,5,3420,2600,820,Online
ORD1393,12/17/2025,ST001,New York,West,PRD329,Christmas Sports Kit,Sports,Gifts,CUST2467,Fitness OOOO,Consumer,John Smith,3,3500,5,9975,7600,2375,Card
ORD1394,12/17/2025,ST001,New York,West,PRD330,New Year Marathon Prep,Sports,Fitness,CUST2468,Runner PPPP,Consumer,John Smith,2,5500,0,11000,8400,2600,Online
ORD1395,12/18/2025,ST002,Los Angeles,North,PRD425,Christmas Home Decor,Furniture,Decor,CUST2469,Decorator QQQQ,Consumer,Emily Johnson,4,2800,8,10304,7900,2404,Card
ORD1396,12/18/2025,ST002,Los Angeles,North,PRD426,New Year Lights,Electronics,Decor,CUST2470,Decorator RRRR,Consumer,Emily Johnson,6,1200,5,6840,5200,1640,Cash
ORD1397,12/19/2025,ST003,Chicago,South,PRD515,Christmas Tree Deluxe,Electronics,Festive,CUST2471,Celebrator SSSS,Consumer,Michael Brown,2,8500,0,17000,13000,4000,Card
ORD1398,12/19/2025,ST003,Chicago,South,PRD516,Ornaments Set,Other,Decor,CUST2472,Celebrator TTTT,Consumer,Michael Brown,5,1500,0,7500,5700,1800,Online
ORD1399,12/20/2025,ST004,Houston,East,PRD833,Last Minute Christmas Gifts,Furniture,Gifts,CUST2473,Last Minute UUUU,Consumer,Jessica Davis,3,12000,8,33120,25500,7620,Card
ORD1400,12/20/2025,ST004,Houston,East,PRD834,Gift Vouchers Bulk,Other,Gifts,CUST2474,Corporate VVVV,Corporate,Jessica Davis,10,5000,5,47500,36000,11500,Online
ORD1401,12/21/2025,ST005,Houston,South,PRD703,Christmas Family Dress,Clothing,Family,CUST2475,Family WWWW,Consumer,David Wilson,5,3200,10,14400,11000,3400,Card
ORD1402,12/21/2025,ST005,Houston,South,PRD704,Kids Christmas Wear,Clothing,Kids,CUST2476,Family XXXX,Consumer,David Wilson,4,1800,5,6840,5200,1640,Online
ORD1403,12/22/2025,ST006,Houston,West,PRD780,Christmas Eve Special,Sports,Festive,CUST2477,Late Shopper YYYY,Consumer,Daniel Miller,2,25000,12,44000,34000,10000,Card
ORD1404,12/22/2025,ST006,Houston,West,PRD781,Power Bank Gift Set,Sports,Accessories,CUST2478,Gift Giver ZZZZ,Consumer,Daniel Miller,4,2000,0,8000,6100,1900,Online
ORD1405,12/23/2025,ST007,Houston,East,PRD835,Christmas Eve Furniture,Furniture,Gifts,CUST2479,Home Maker AAAA1,Consumer,Jessica Davis,2,18000,8,33120,25500,7620,Card
ORD1406,12/23/2025,ST007,Houston,East,PRD836,Sofa Cover Gift,Furniture,Protection,CUST2480,Home Maker BBBB1,Consumer,Jessica Davis,3,2500,5,7125,5400,1725,Cash
ORD1407,12/24/2025,ST001,New York,West,PRD331,Merry Christmas Sale,Electronics,Festive,CUST2481,Christmas Day CCCC1,Consumer,John Smith,3,22000,15,56100,43000,13100,Card
